Relation_Name,ModelID,Num_ModelID,ObjectID,NumOID,ImportID,Source_Entity_Name,Target_Entity_Name,Source_Label,Target_Label,SourceTo_Target_Cardinality,TargetTo_Source_Cardinality,Source_Optional,Target_Optional,Dominant_Role,Identifying,Source_ID,Num_Source_ID,Target_ID,Num_Target_ID,Number_Of_Attributes
Accounting classification for financial assets classifies Balance sheet recognised exchange tradable derivative asset position,DA75945B-3FE1-4CE1-31BE-32494C407F7E,565,B36E4B03-7CD3-A326-4A20-DA3B42A3FD19,4687,,Accounting classification for financial assets,Balance sheet recognised exchange tradable derivative asset position,,,*,1,Y,N,None,N,02BFA482-6B90-AEDD-2AF3-894CCAC2D420,568,CD8E5291-A87C-578E-7536-20CECA5FA9A0,604,1
Accounting classification for financial assets is applied to Balance sheet recognised financial asset instrument(s),DA75945B-3FE1-4CE1-31BE-32494C407F7E,565,684805F4-C777-14AF-6645-FAB5C87F2545,4688,,Accounting classification for financial assets,Balance sheet recognised financial asset instrument,,,*,1,Y,N,None,N,02BFA482-6B90-AEDD-2AF3-894CCAC2D420,568,D98528DD-4340-7068-DCF4-FC4EE2F41DB4,609,1
Accounting classification for financial assets is applied to Long security position Prudential Portfolio assignment Accounting classification for financial assets assignment,DA75945B-3FE1-4CE1-31BE-32494C407F7E,565,62318E99-35FE-41E4-AE25-462F706A903D,4689,,Accounting classification for financial assets,Long security position Prudential Portfolio assignment Accounting classification for financial assets assignment,,,*,1,Y,N,None,Y,02BFA482-6B90-AEDD-2AF3-894CCAC2D420,568,17E1B4A1-D286-0C7B-412E-060CBFE6C8A5,923,1
Accounting classification for financial liabilities classifies Financial liability in the form of Debt security issued (by the reporting agent),DA75945B-3FE1-4CE1-31BE-32494C407F7E,565,F79F9B50-4EB2-5A02-7DDE-9EF1B08936E1,4690,,Accounting classification for financial liabilities,Debt security issued (by the reporting agent),,,*,1,Y,N,None,Y,6EC9BBB2-EB91-A986-6E0C-0C7B64929A33,569,101580C7-7A41-DBA0-F668-CA0B21D0D2A3,690,1
Accounting classification for financial liabilities is applied to Balance sheet recognised financial liability instrument(s),DA75945B-3FE1-4CE1-31BE-32494C407F7E,565,C5D39143-DE7C-78D4-3FEF-C4F06F124015,4691,,Accounting classification for financial liabilities,Balance sheet recognised financial liability instrument,,,*,1,Y,N,None,N,6EC9BBB2-EB91-A986-6E0C-0C7B64929A33,569,B5819EC6-25AB-CE81-2AF6-A357F93FAD4A,613,1
Accounting classification for financial liabilities specifies Balance sheet recognised exchange tradable derivative liability position,DA75945B-3FE1-4CE1-31BE-32494C407F7E,565,CC779237-1E1A-7E4C-3981-24D3D48EC0B2,4692,,Accounting classification for financial liabilities,Balance sheet recognised exchange tradable derivative liability position,,,*,1,Y,N,None,N,6EC9BBB2-EB91-A986-6E0C-0C7B64929A33,569,2F2741D3-5A9B-84B6-79A0-B1F2C0C6DB6E,608,1
Accounting consolidation level classifies Model Context,DA75945B-3FE1-4CE1-31BE-32494C407F7E,565,7E10CE4D-5E5F-9EAA-0CDE-F48B4F16C26E,4693,,Accounting consolidation level,Model Context,,,*,1,Y,N,None,Y,7F36D338-18D0-26CE-70F4-9B8A41B186C6,571,23700D94-7BD4-B730-CE3A-BD73D77FEEAE,945,1
Accounting hedge type classifies Debt security issued (by the reporting agent) as a hedge,DA75945B-3FE1-4CE1-31BE-32494C407F7E,565,BAFCCA3C-EBA2-296C-C1F8-C8A9DB552CE5,4694,,Accounting hedge type,Debt security issued (by the reporting agent) as a hedge,,,*,1,Y,N,None,N,AD909C61-3FC2-EC62-3190-271AD516B596,572,FAEB9B83-BE89-F719-6667-BF2DE4448BFE,691,1
Accounting hedge type classifies Equity instrument that is not a security as a hedge,DA75945B-3FE1-4CE1-31BE-32494C407F7E,565,D890C458-ECFE-6859-01DC-66EB60228335,4695,,Accounting hedge type,Equity instrument that is not a security as a hedge,,,*,1,Y,N,None,N,AD909C61-3FC2-EC62-3190-271AD516B596,572,30FE22A5-7D6D-B178-7F24-11F6D029B691,730,1
Accounting hedge type classifies Loan (excluding repurchase agreement) and advance as a hedge,DA75945B-3FE1-4CE1-31BE-32494C407F7E,565,5D0257F8-DFB0-6374-2496-53FAA95E0908,4696,,Accounting hedge type,Loan (excluding repurchase agreement) and advance as a hedge,,,*,1,Y,N,None,N,AD909C61-3FC2-EC62-3190-271AD516B596,572,D249222E-C88E-947C-2B2E-F8F931CFDCCB,889,1
Accounting hedge type classifies Long security position as a hedge,DA75945B-3FE1-4CE1-31BE-32494C407F7E,565,36322282-5098-3162-AC9F-65097BB0C31C,4697,,Accounting hedge type,Long security position as a hedge,,,*,1,Y,N,None,N,AD909C61-3FC2-EC62-3190-271AD516B596,572,204CCBD3-D9AD-0EC9-ED88-7E6A00BA0415,918,1
Accounting hedge type classifies Over the counter (OTC) Derivative as a hedge,DA75945B-3FE1-4CE1-31BE-32494C407F7E,565,C09155E0-A37D-6F1E-4801-DA60B5906C8F,4698,,Accounting hedge type,Over the counter (OTC) Derivative as a hedge,,,*,1,Y,N,None,N,AD909C61-3FC2-EC62-3190-271AD516B596,572,EE7AABF7-53FD-1A4B-D940-7E228C87F604,1065,1
Accounting standard classifies Model Context,DA75945B-3FE1-4CE1-31BE-32494C407F7E,565,D5BF5664-6A93-8433-D6E0-40893C217B9F,4699,,Accounting standard,Model Context,,,*,1,Y,N,None,Y,1926040B-333E-12CB-2D69-9E19EF7F6230,573,23700D94-7BD4-B730-CE3A-BD73D77FEEAE,945,1
"Accounting treatment (CRR Group) is assigned to Subsidiary, joint venture and associate Other organisation role assignment",DA75945B-3FE1-4CE1-31BE-32494C407F7E,565,98745910-2C57-1BC6-D5C2-8DA5C3ADA2EB,4700,,Accounting treatment,"Subsidiary, joint venture and associate Other organisation role assignment",,,*,1,Y,N,None,N,D4848F38-00F2-2B92-AC67-3608A3A9D351,574,45C47956-ACDB-BEDC-020E-65414D4E5162,1264,1
"Accounting treatment (IFRS Group) is applied to Subsidiary, joint venture and associate Other organisation role assignment",DA75945B-3FE1-4CE1-31BE-32494C407F7E,565,FAE0B995-045D-9589-7FC5-333F36DE8484,4701,,Accounting treatment (IFRS Group),"Subsidiary, joint venture and associate Other organisation role assignment",,,*,1,Y,N,None,N,97705EED-666F-D9CB-7639-1297FC2C6448,575,45C47956-ACDB-BEDC-020E-65414D4E5162,1264,1
Accrued interests for market values type specifies Security derived data,DA75945B-3FE1-4CE1-31BE-32494C407F7E,565,6AF96AAA-E35F-F0B2-BFAF-5BF0B6DFB870,4702,,Accrued interests for market values type,Security derived data,,,*,1,Y,N,None,N,908258D6-A4BC-8E0B-4E13-D039589530A2,576,A02BF830-A5C0-4692-FF4D-EE79688737AD,1208,1
Advance has Advance Creditor assignment,DA75945B-3FE1-4CE1-31BE-32494C407F7E,565,A967D641-8637-EE9F-2673-00166934D1A3,4703,,Advance,Advance Creditor assignment,,,1,1,Y,N,Advance,Y,2B7EC1A2-15F3-575F-BC70-179C100BE2B3,578,DFD3F649-FB8D-DEC1-5FD2-0A109F0FAB7B,579,5
Advance has Advance Loan debtor assignment,DA75945B-3FE1-4CE1-31BE-32494C407F7E,565,54FAF0BC-918C-0BBD-6C99-A08F33ACAD95,4704,,Advance,Advance Loan debtor assignment,,,1,1,Y,N,Advance,Y,2B7EC1A2-15F3-575F-BC70-179C100BE2B3,578,C0F1425F-B6B5-0C22-F3B7-25EA275F05D3,580,5
Aircraft collateral is measured by Protection valuation approach,DA75945B-3FE1-4CE1-31BE-32494C407F7E,565,0B57C2CA-B380-73CE-980A-3310EB72E8E8,4705,,Protection valuation approach,Aircraft collateral,,,*,1,Y,N,None,N,FEAECD04-84D6-BE28-0AFB-55F1488722F9,1124,21BA9FD8-253D-C4F0-F5C4-DC5F3BB9AFD8,581,1
Approach for prudential purposes is applied to Long security position Prudential portfolio assignment risk data,DA75945B-3FE1-4CE1-31BE-32494C407F7E,565,1085A061-2516-65B6-3E52-3535C23F993A,4706,,Approach for prudential purposes,Long security position Prudential portfolio assignment risk data,,,*,1,Y,N,None,N,D67CC84E-193B-763D-D553-03F98E7027F8,582,C8C6BD31-7A79-C15D-93C2-C3380CA152AD,925,1
Area where the enitty is located according to SHS is applied to Party derived data,DA75945B-3FE1-4CE1-31BE-32494C407F7E,565,A99BA719-309C-069A-033C-BF2733DFC7A8,4707,,Area where the enitty is located according to SHS,Party derived data,,,*,1,Y,N,None,N,86472D69-0210-FD1F-D227-7CB522B71672,583,C192224A-CDD2-5821-F49B-17F7CA23BC53,1083,1
Assessment aproach for credit quality status is applied to Credit facility risk data,DA75945B-3FE1-4CE1-31BE-32494C407F7E,565,8959AD64-DEB9-1838-D3B4-053F6AF69158,4708,,Assessment aproach for credit quality status,Credit facility risk data,,,*,1,Y,N,None,N,704D663F-6D09-9D25-02F6-F8CE0B2CC4EA,584,536D9BE8-895C-32C3-C6AD-50ABD7478588,667,1
Asset backed security acts as a Tranche in a Traditional securitisation,DA75945B-3FE1-4CE1-31BE-32494C407F7E,565,273E1C38-4428-DE9C-3347-1C91E6D21B79,4709,,Asset backed security,Tranche in a Traditional securitisation,,,1,1,Y,N,Asset backed security,Y,1AF8E386-F925-FB46-6BB1-492829EC436F,585,F113ACC3-8DA5-8E54-6DD7-91545BD2BAF3,1291,5
"Asset backed security has Securitisation non-correlation trading portfolio, (non-CTP) Risk Factor for standardised approach",DA75945B-3FE1-4CE1-31BE-32494C407F7E,565,A150C9E0-D588-A676-69CA-6646DB89B9CC,4710,,Asset backed security,"Securitisation non-correlation trading portfolio, (non-CTP) Risk Factor for standardised approach",,,1,1,Y,N,None,N,1AF8E386-F925-FB46-6BB1-492829EC436F,585,EA6E26CC-8EAC-E13D-3746-0B99B875BD04,1187,5
Asset encumbrance residual maturity band classifies Collateral received instrument derived data,DA75945B-3FE1-4CE1-31BE-32494C407F7E,565,4924BA85-5094-4BAE-758E-D744D0388832,4711,,Asset encumbrance residual maturity band,Collateral received instrument derived data,,,*,1,Y,N,None,N,EFA8913B-5DCA-ABE9-C26D-516DE8A27C87,586,FD26E12C-5E0A-ED3E-2934-B1B23964F406,642,1
Asset encumbrance residual maturity band classifies Debt security issued (by the reporting agent) derived data,DA75945B-3FE1-4CE1-31BE-32494C407F7E,565,9934BCC9-B8E6-9885-2F67-AFCB9A9E707F,4712,,Asset encumbrance residual maturity band,Debt security issued (by the reporting agent) derived data,,,*,1,Y,N,None,N,EFA8913B-5DCA-ABE9-C26D-516DE8A27C87,586,293B135E-4BE8-D75B-C459-0B4AE236D639,692,1
Asset encumbrance residual maturity band classifies Exchange tradable derivative derived data,DA75945B-3FE1-4CE1-31BE-32494C407F7E,565,4DA90487-58F2-BE0E-95C3-887F62A3257E,4713,,Asset encumbrance residual maturity band,Exchange tradable derivative derived data,,,*,1,Y,N,None,N,EFA8913B-5DCA-ABE9-C26D-516DE8A27C87,586,C4C2135B-38B1-CDDC-3BB9-1271C559BEF7,748,1
Asset encumbrance residual maturity band classifies Loan (excluding repurchase agreement) and advance derived data,DA75945B-3FE1-4CE1-31BE-32494C407F7E,565,1FF42F62-4D50-2CFA-E548-F1D153E926C0,4714,,Asset encumbrance residual maturity band,Loan (excluding repurchase agreement) and advance derived data,,,*,1,Y,Y,None,N,EFA8913B-5DCA-ABE9-C26D-516DE8A27C87,586,A81E4DFE-4FFE-9FAD-6247-2B99C23A78FC,893,1
Asset encumbrance residual maturity band classifies Over the counter (OTC) Derivative instrument derived data,DA75945B-3FE1-4CE1-31BE-32494C407F7E,565,67224112-A12C-9B5F-3FC2-C444F30E7AB8,4715,,Asset encumbrance residual maturity band,Over the counter (OTC) Derivative instrument derived data,,,*,1,Y,N,None,N,EFA8913B-5DCA-ABE9-C26D-516DE8A27C87,586,D52BDE35-739E-E9E5-F498-A36863523A47,1070,1
Asset encumbrance residual maturity band classifies Protection arrangement derived data,DA75945B-3FE1-4CE1-31BE-32494C407F7E,565,AFECFC56-000A-44F2-0B0F-526B21C58D99,4716,,Asset encumbrance residual maturity band,Protection arrangement derived data,,,*,1,Y,Y,None,N,EFA8913B-5DCA-ABE9-C26D-516DE8A27C87,586,B7F15999-7D0E-B1BE-AF82-B0345C6584FC,1116,1
Asset encumbrance residual maturity band classifies Securities financing transaction (SFT) derived data,DA75945B-3FE1-4CE1-31BE-32494C407F7E,565,436B1EBC-95D6-72DB-2B4E-B67CB1BBD26C,4717,,Asset encumbrance residual maturity band,Securities financing transaction (SFT) derived data,,,*,1,Y,N,None,N,EFA8913B-5DCA-ABE9-C26D-516DE8A27C87,586,73B40C3C-BF9B-0BB3-5A7E-1592685C28A2,1183,1
Asset encumbrance source indicator classifies Debt security issued derived data,DA75945B-3FE1-4CE1-31BE-32494C407F7E,565,B68EC015-5437-3A88-88C0-CE1DFC4128F7,4718,,Asset encumbrance source indicator,Debt security issued (by the reporting agent) derived data,,,*,1,Y,N,None,N,11A87EFA-44E0-B79E-7B39-F86E64BB761B,587,293B135E-4BE8-D75B-C459-0B4AE236D639,692,1
Asset encumbrance source indicator classifies Exchange tradable derivative liability position derived data,DA75945B-3FE1-4CE1-31BE-32494C407F7E,565,D8C75600-C607-8CB6-FC55-127981102C98,4719,,Asset encumbrance source indicator,Exchange tradable derivative liability position derived data,,,*,1,Y,N,None,N,11A87EFA-44E0-B79E-7B39-F86E64BB761B,587,4237F589-4FF6-C531-BE87-4EA85AD52BDB,750,1
Asset encumbrance source indicator classifies Financial liability instrument derived data,DA75945B-3FE1-4CE1-31BE-32494C407F7E,565,75F59BCA-A02A-6D8E-8560-DB898EDFCAB4,4720,,Asset encumbrance source indicator,Financial liability instrument derived data,,,*,1,Y,N,None,N,11A87EFA-44E0-B79E-7B39-F86E64BB761B,587,7568BF54-D0D7-C4AF-D8AF-6F5366B2B177,793,1
Asset encumbrance source indicator classifies Off-balance sheet item received instrument derived data,DA75945B-3FE1-4CE1-31BE-32494C407F7E,565,DABD2589-3E87-99DA-7590-4B0A1EC7127B,4721,,Asset encumbrance source indicator,Off-balance sheet item received instrument derived data,,,*,1,Y,N,None,N,11A87EFA-44E0-B79E-7B39-F86E64BB761B,587,B67CAB48-32AE-0CBD-CB56-35F9749D4C51,1013,1
Asset pool (subject to a Covered bond programme) is underlying to a Covered bond programme,DA75945B-3FE1-4CE1-31BE-32494C407F7E,565,FC908221-5CA4-BD10-BEC1-D35BB69B26E8,4722,,Asset pool (subject to a Covered bond programme),Covered bond programme,,,1,1,N,N,Asset pool (subject to a Covered bond programme),N,2D62F0D2-5A23-C26B-70FB-77DBDCE64C96,588,459D3125-2F68-477E-EAC2-635498AA4DB0,655,5
Asset pool (subject to a credit transfer other than securitisation and covered bond programme) is underlying to a Credit transfer other than securitisation and covered bond programme,DA75945B-3FE1-4CE1-31BE-32494C407F7E,565,50A6CD8F-0739-EA14-B589-23EBE3BAAADC,4723,,Asset pool (subject to a credit transfer other than securitisation and covered bond programme),Credit transfer other than securitisation and covered bond programme,,,1,1,Y,N,None,N,F1924C1A-7831-F71C-8570-D4B1B0E6B2FD,589,99A8FAFD-054C-C867-FE11-69640A2ACE80,676,5
Asset pool (subject to a Securitisation) is underlying to a Securitisation,DA75945B-3FE1-4CE1-31BE-32494C407F7E,565,79FF3391-A97C-97DA-35A0-C8EDE78D1D42,4724,,Asset pool (subject to a Securitisation),Securitisation,,,1,1,Y,N,Asset pool (subject to a Securitisation),N,BCDB3E14-DE0D-743A-5D84-9C31FEF0137E,590,EC05B5FC-3397-964C-AAF0-C65C085847AA,1184,5
Asset pool (subject to a Securitisation and other credit transfer) comprises Collateral via Asset pool Collateral received assignment,DA75945B-3FE1-4CE1-31BE-32494C407F7E,565,B560F6EC-8655-9E21-A94E-45DF38C7BEBA,4725,,Asset pool (subject to a Securitisation and other credit transfer),Asset pool Collateral received assignment,,,*,1,Y,N,None,Y,CF3123E9-C3A5-7650-8DD2-DBE9CABA5872,591,3FB3AB42-7C91-CD5C-37CA-500B22FF713D,592,5
Asset pool (subject to a Securitisation and other credit transfer) comprises Debt security position(s) via Asset pool Security position assignment,DA75945B-3FE1-4CE1-31BE-32494C407F7E,565,BF891C9A-B56F-8279-233B-F81788E85DF5,4726,,Asset pool (subject to a Securitisation and other credit transfer),Asset pool Security position assignment,,,*,1,Y,N,None,Y,CF3123E9-C3A5-7650-8DD2-DBE9CABA5872,591,FF1F6459-5BB9-5FB5-F3BC-DDDD09D628D6,598,5
Asset pool (subject to a Securitisation and other credit transfer) comprises Exchange tradable derivative position via Asset pool Exchange tradable derivative position assignment,DA75945B-3FE1-4CE1-31BE-32494C407F7E,565,D77EC6C8-1D60-D732-9EFB-D73AFF027E40,4727,,Asset pool (subject to a Securitisation and other credit transfer),Asset pool Exchange tradable derivative position assignment,,,*,1,Y,N,None,Y,CF3123E9-C3A5-7650-8DD2-DBE9CABA5872,591,4CAD27AF-0587-C396-A72B-839760CF6C56,594,5
Asset pool (subject to a Securitisation and other credit transfer) comprises Instrument(s) via Asset pool Loan (excluding repurchase agreement) assignment,DA75945B-3FE1-4CE1-31BE-32494C407F7E,565,FDB5C2E5-36D2-CBB7-331F-9DF4A14D0521,4728,,Asset pool (subject to a Securitisation and other credit transfer),Asset pool Loan (excluding repurchase agreement) assignment,,,*,1,Y,N,None,Y,CF3123E9-C3A5-7650-8DD2-DBE9CABA5872,591,2920BCAE-102A-9ABA-B91C-D4DF1E83B442,596,5
Asset pool (subject to a Securitisation and other credit transfer) comprises Over the counter (OTC) Derivative instrument via Asset pool Over the counter (OTC) Derivative instrument assignment,DA75945B-3FE1-4CE1-31BE-32494C407F7E,565,B65709A5-BE21-B266-2EBB-8DA6C413478D,4729,,Asset pool (subject to a Securitisation and other credit transfer),Asset pool Over the counter (OTC) Derivative instrument assignment,,,*,1,Y,N,None,Y,CF3123E9-C3A5-7650-8DD2-DBE9CABA5872,591,BC33E184-994C-E565-57F3-4A7572B38D53,597,5
Asset pool (subject to a Securitisation and other credit transfer) has Equity instrument that is not a security via Asset pool Equity instrument that is not a security assignment,DA75945B-3FE1-4CE1-31BE-32494C407F7E,565,9B338FAE-B797-D8AA-1F43-3806B4CB0D3E,4730,,Asset pool (subject to a Securitisation and other credit transfer),Asset pool Equity instrument that is not a security assignment,,,*,1,Y,N,None,Y,CF3123E9-C3A5-7650-8DD2-DBE9CABA5872,591,95029E39-5435-2C4B-B75A-AA3013E2D9E7,593,5
Assigned debtor is debtor of Trade receivable(s) via Trade receivable Assigned debtor assignment,DA75945B-3FE1-4CE1-31BE-32494C407F7E,565,F152155E-2532-C083-1344-B9255026BF64,4731,,Assigned debtor,Trade receivable Assigned debtor assignment,,,*,1,Y,N,None,Y,02F2FE6D-2515-6757-5033-C336093DB172,599,0C7AB2CF-78C2-2FC0-DAA0-46CFC7856618,1282,6
"Associate (of the reporting agent) is part of Subsidiary, joint venture and associate via Subsidiary, joint venture and associate Associate assignment",DA75945B-3FE1-4CE1-31BE-32494C407F7E,565,11E56CD6-99F6-5F25-B61B-6D75B974B157,4732,,Associate (of the reporting agent),"Subsidiary, joint venture and associate Associate assignment",,,1,1,Y,N,Associate (of the reporting agent),Y,E4999F8A-CBAF-77AC-0F16-14F53133A020,600,E388C5AF-A657-668E-739A-78827095B5C6,1262,6
At cost based method or Lower of costs or market (LOCOM) indicator classifies Exchange tradable derivative position as a hedge according to national general accepted accounting principles (nGAAP),DA75945B-3FE1-4CE1-31BE-32494C407F7E,565,5119B9A2-524D-A9B4-1A6F-81FA5DCBB8DE,4733,,At cost based method or Lower of costs or market (LOCOM) indicator,Exchange tradable derivative position as a hedge according to national general accepted accounting principles (nGAAP),,,*,1,Y,N,None,N,0E57B8EA-294B-00B6-908B-2E1E6FD34468,601,B3F63A15-F3B1-62CB-02E2-0039876ACA8B,755,1
At cost based method or Lower of costs or market (LOCOM) indicator classifies Over the counter (OTC) Derivative as a hedge according to national general accepted accounting principles (nGAAP),DA75945B-3FE1-4CE1-31BE-32494C407F7E,565,615EE4C6-09B4-31FC-EABB-D55453968CC0,4734,,At cost based method or Lower of costs or market (LOCOM) indicator,Over the counter (OTC) Derivative as a hedge according to national general accepted accounting principles (nGAAP),,,*,1,Y,N,None,N,0E57B8EA-294B-00B6-908B-2E1E6FD34468,601,18A00C9B-FD63-8085-4CEA-5A788FA34539,1067,1
Available for encumbrance indicator classifies Collateral received,DA75945B-3FE1-4CE1-31BE-32494C407F7E,565,4D13E590-4E6C-CFAF-AE81-2D7013C3211F,4735,,Available for encumbrance indicator,Collateral received,,,*,1,Y,N,None,N,F0C3D82B-E24E-FAFF-2132-8BCC7A3633EE,602,DCBBAB01-3686-CCD5-A54D-EA33D1CB2ED2,640,1
Available for encumbrance indicator classifies Collateral received instrument,DA75945B-3FE1-4CE1-31BE-32494C407F7E,565,DE8D3F8C-2745-1768-D8C8-6DAB621F565D,4736,,Available for encumbrance indicator,Collateral received instrument,,,*,1,Y,N,None,N,F0C3D82B-E24E-FAFF-2132-8BCC7A3633EE,602,E50F91BD-9CAA-1F59-DEF3-6907A545578F,641,1
Available for encumbrance indicator classifies Long debt security position,DA75945B-3FE1-4CE1-31BE-32494C407F7E,565,93F1A239-D819-0BE0-BA66-B7CC8AEA5D99,4737,,Available for encumbrance indicator,Long debt security position,,,*,1,Y,N,None,N,F0C3D82B-E24E-FAFF-2132-8BCC7A3633EE,602,6DF93BD6-33CC-E6A0-AC4D-C2073DEACB95,899,1
Available for encumbrance indicator classifies Protection arrangement received,DA75945B-3FE1-4CE1-31BE-32494C407F7E,565,9273070D-1621-47D1-1CDB-27269905C12C,4738,,Available for encumbrance indicator,Protection arrangement received,,,*,1,Y,N,None,N,F0C3D82B-E24E-FAFF-2132-8BCC7A3633EE,602,0DE55755-69A8-375B-E4D0-2058D91A0F9D,1120,1
Balance sheet netting nets Instrument(s),DA75945B-3FE1-4CE1-31BE-32494C407F7E,565,50BFE82A-39E6-628F-C6B8-AEB697E0C5F0,4739,,Balance sheet netting,Instrument,,,*,1,Y,Y,None,N,23148432-A874-DA9F-FEEC-2D786093A281,603,54907B80-5ADD-5298-6AE7-54D1AC9CA6F6,835,5
Balance sheet recognised exchange tradable derivative asset position may have Balance sheet recognised exchange tradable derivative asset position derived data,DA75945B-3FE1-4CE1-31BE-32494C407F7E,565,3B4699B3-D84A-6F70-6E2F-47462F5F7658,4740,,Balance sheet recognised exchange tradable derivative asset position,Balance sheet recognised exchange tradable derivative asset position derived data,,,1,1,Y,N,Balance sheet recognised exchange tradable derivative asset position,Y,CD8E5291-A87C-578E-7536-20CECA5FA9A0,604,294C38FE-B973-CD4C-E310-51BFB56233FA,605,18
Balance sheet recognised financial asset instrument may have Balance sheet recognised financial asset instrument derived data,DA75945B-3FE1-4CE1-31BE-32494C407F7E,565,13D88993-4CCB-284E-B7E5-20F449E8AD34,4741,,Balance sheet recognised financial asset instrument,Balance sheet recognised financial asset instrument derived data,,,1,1,Y,N,Balance sheet recognised financial asset instrument,Y,D98528DD-4340-7068-DCF4-FC4EE2F41DB4,609,7843E56A-D970-2EDE-467A-EBF530A20DE5,612,6
Balance sheet recognition status is assigned to Balance sheet recognised financial asset instrument,DA75945B-3FE1-4CE1-31BE-32494C407F7E,565,C63A22D0-916E-13BD-49AB-A66C15511920,4742,,Balance sheet recognition status,Balance sheet recognised financial asset instrument,,,*,1,Y,N,None,N,6FF5B73E-2314-A267-3889-069CD20CFFD0,614,D98528DD-4340-7068-DCF4-FC4EE2F41DB4,609,1
Beneficiary benefits from Financial guarantee instrument(s) via Financial guarantee instrument Beneficiary assignment,DA75945B-3FE1-4CE1-31BE-32494C407F7E,565,2449C65F-E343-0373-A408-5C701420AEBE,4743,,Beneficiary,Financial guarantee instrument Beneficiary assignment,,,*,1,Y,N,None,Y,73DFA7C6-B0AA-DF48-9379-183B5D4D414E,615,516FC70D-D94E-0757-F7FD-664E20524129,784,6
Borrower borrows via Security borrowing and lending transaction Borrower assignment,DA75945B-3FE1-4CE1-31BE-32494C407F7E,565,2E6A2109-95E2-AE4E-0D95-A21737DBC89A,4744,,Borrower,Security borrowing and lending transaction Borrower assignment,,,*,1,Y,N,None,Y,5AC6805B-9854-67C1-2144-147C76F0687D,616,5A0F8750-74E4-9770-6E3A-7BDC553C5132,1196,6
Buyer buys Exchange tradable derivative position,DA75945B-3FE1-4CE1-31BE-32494C407F7E,565,8ED97D58-57AD-23B5-4EC8-5A9FAA486DF2,4745,,Buyer,Exchange tradable derivative position,,,*,1,Y,N,None,Y,4CFFA0D9-78C3-DEC6-D0A3-DE192BE46AD7,618,DB0CC98E-4E09-ADBF-024E-4EF7E3FA6604,752,6
Buyer buys Over the counter (OTC) derivatives instrument(s) via Over the counter (OTC) Derivative Buyer assignment,DA75945B-3FE1-4CE1-31BE-32494C407F7E,565,B92BB822-4A50-A794-A00B-E2ECC2A0422C,4746,,Buyer,Over the counter (OTC) Derivative Buyer assignment,,,*,1,Y,N,None,Y,4CFFA0D9-78C3-DEC6-D0A3-DE192BE46AD7,618,583A4DA9-99D9-9833-36BF-F8B8BE874981,1068,6
Buyer buys Repurchase agreement instrument(s) via Repurchase agreement Buyer assignment,DA75945B-3FE1-4CE1-31BE-32494C407F7E,565,CEE2B899-3AA2-FDDA-FA79-995D3ADD80F6,4747,,Buyer,Repurchase agreement Buyer assignment,,,*,1,Y,N,None,Y,4CFFA0D9-78C3-DEC6-D0A3-DE192BE46AD7,618,3FA29F67-8705-59D6-1C02-D9E6836ED08D,1163,6
Central bank and private sector company acts in Central bank and private sector company role,DA75945B-3FE1-4CE1-31BE-32494C407F7E,565,760453C3-0E4B-83B6-9BDB-E00F2D580AA6,4748,,Central bank and private sector company,Central bank and private sector company role,,,*,1,Y,N,None,Y,85956057-D0C7-8869-F90B-A6A301A3A30F,623,0A8459C5-6F0E-2DFD-CCB2-4B74CD47130F,624,5
Central bank and private sector company is assigned to Rating grade(s) for issuer based rating system for non-central government via Rating grade Central bank and private sector company assignment,DA75945B-3FE1-4CE1-31BE-32494C407F7E,565,8C9A9763-CC34-7B0E-D57E-4EBB61FBF753,4749,,Central bank and private sector company,Rating grade Central bank and private sector company assignment,,,*,1,Y,N,None,Y,85956057-D0C7-8869-F90B-A6A301A3A30F,623,5DE71C99-66A5-4961-0C97-745882528C1C,1135,5
Central bank and private sector company is Immediate parent via Immediate parent enterprise assignment,DA75945B-3FE1-4CE1-31BE-32494C407F7E,565,ACCB1FE4-4A25-FEC0-BFB6-83BDB11E8DFD,4750,,Central bank and private sector company,Immediate parent enterprise assignment,,,*,1,Y,N,None,Y,85956057-D0C7-8869-F90B-A6A301A3A30F,623,72CB0826-36E0-A4B4-3525-40FB92136EC6,828,5
Central bank and private sector company is Linked enterprise via Linked enterprise assignment,DA75945B-3FE1-4CE1-31BE-32494C407F7E,565,2AA5D36A-3CB7-AF32-2791-0D50590FF31C,4751,,Central bank and private sector company,Linked enterprise assignment,,,*,1,Y,N,None,Y,85956057-D0C7-8869-F90B-A6A301A3A30F,623,37968742-5377-688E-6FDC-0D3CEA5E7033,883,5
Central bank and private sector company is Partner enterprise via Partner enterprise assignment,DA75945B-3FE1-4CE1-31BE-32494C407F7E,565,45F3773C-AB71-32B5-C55B-559BBA7DC77C,4752,,Central bank and private sector company,Partner enterprise assignment,,,*,1,Y,N,None,Y,85956057-D0C7-8869-F90B-A6A301A3A30F,623,8612644A-423D-E808-F058-A7534601A9DC,1079,5
Central government rating system has Rating grade for issuer based rating system for central government,DA75945B-3FE1-4CE1-31BE-32494C407F7E,565,D35CBE15-BA7D-06C5-CF50-21AB7C49B44C,4753,,Central government rating system,Rating grade for issuer based rating system for central government,,,*,1,N,N,None,Y,1F266798-45BC-3C0D-FD20-FBAB2FC9F795,628,21CE7102-B246-2114-FE32-460B8623528C,1140,2
Clearing member is involved in Master agreement(s) with a clearing member via Master agreement Clearing member assignment,DA75945B-3FE1-4CE1-31BE-32494C407F7E,565,328A060E-4E6A-027B-282C-D1DC649DA0A5,4754,,Clearing member,Master agreement Clearing member assignment,,,*,1,Y,N,None,Y,D0BEAA2F-AACC-045F-DFDD-9EA5C8F5A1B5,629,0A27BD5C-1071-1F0B-88FF-6EA5ED8B30D8,934,6
Collateral annex comprises Financial collateral,DA75945B-3FE1-4CE1-31BE-32494C407F7E,565,2AE30A7B-B386-18B1-7A59-391CAD28C7B9,4755,,Collateral annex,Financial collateral,,,*,1,Y,N,None,N,32D7B41A-5C63-39E3-2CDC-C815C7D4F85F,631,76BD9E69-EDB2-E5B0-AFCC-04A52742AC34,780,5
Collateral given instrument is given as collateral to Instrument via Collateral given instrument Instrument assignment,DA75945B-3FE1-4CE1-31BE-32494C407F7E,565,7DCD5B2A-5444-FFD4-08D7-3A149B93F461,4756,,Collateral given instrument,Collateral given instrument Instrument assignment,,,*,1,Y,N,None,Y,FC51FB14-8425-1E07-191C-49B6976569AA,634,68FCA69A-2031-3F8A-323B-62622A36D329,636,6
Collateral given instrument is given as protection to Debt security issued via Collateral given instrument Debt security issued assignment,DA75945B-3FE1-4CE1-31BE-32494C407F7E,565,811526BD-2CB2-E7A5-6FA4-FA1D417CFC4B,4757,,Collateral given instrument,Collateral given instrument Debt security issued assignment,,,*,1,Y,N,None,Y,FC51FB14-8425-1E07-191C-49B6976569AA,634,1FA53472-DF84-3E02-DC8C-1FA9C5F591E6,635,6
Collateral given protects Loan(s) (excluding repurchase agreement) and advance via Loan (excluding repurchase agreement) and advance Collateral given assignment,DA75945B-3FE1-4CE1-31BE-32494C407F7E,565,A332F0FB-C78C-D66E-00E3-8D67D37E48CF,4758,,Collateral given,Loan (excluding repurchase agreement) and advance Collateral given assignment,,,*,1,Y,N,None,Y,F4547A0A-7D7D-C26A-4956-DCFBBC4E05C4,633,8D291C9B-E574-3FE2-9717-C2CD0EA75197,890,6
Collateral given protects Loan(s) (excluding repurchase agreement) and advance via Off-balance instrument Collateral given assignment,DA75945B-3FE1-4CE1-31BE-32494C407F7E,565,A3919DFB-DB5A-7081-F82B-DA9497872891,4759,,Collateral given,Off-balance instrument Collateral given assignment,,,*,1,Y,N,None,Y,F4547A0A-7D7D-C26A-4956-DCFBBC4E05C4,633,838313BF-5398-7A18-08C7-3D12F4E8FE2C,1008,6
Collateral has Collateral derived data,DA75945B-3FE1-4CE1-31BE-32494C407F7E,565,39C562BF-ED4F-35E3-5199-12523D11ED6B,4760,,Collateral,Collateral derived data,,,1,1,Y,N,Collateral,Y,4793B60D-47B8-57C4-12B5-6BD21499308A,630,0E62E3F0-6FFD-E5E4-C654-80C99823D21D,632,5
Collateral has Collateral role,DA75945B-3FE1-4CE1-31BE-32494C407F7E,565,6045DE7C-B438-877A-8EBF-E49F3DEAFC5C,4761,,Collateral,Collateral role,,,*,1,Y,N,None,Y,4793B60D-47B8-57C4-12B5-6BD21499308A,630,F6388EB7-5C3F-2BDB-A2D9-E478DD2F89DD,645,5
Collateral is involved in Credit risk mitigation assignment,DA75945B-3FE1-4CE1-31BE-32494C407F7E,565,5A2ADAAE-4B9F-4BD7-5EEE-A1A3DA4DE925,4762,,Collateral,Credit risk mitigation assignment,,,*,1,Y,N,None,Y,4793B60D-47B8-57C4-12B5-6BD21499308A,630,FBAF417B-1A11-B3D5-9C5F-16BCF562A7E2,674,5
Collateral obtained by taking possession has Collateral obtained by taking possession derived data,DA75945B-3FE1-4CE1-31BE-32494C407F7E,565,EB24CA2F-9E1D-AFB8-8CFE-C74522F9F913,4763,,Collateral obtained by taking possession,Collateral obtained by taking possession derived data,,,1,1,Y,N,Collateral obtained by taking possession,Y,1FCEB37F-535E-BA6E-EB2C-DBF39EEF2D10,638,3569BB8E-5D43-6526-6423-BEB32DF1DF4A,639,5
Collateral received instrument has Collateral received instrument derived data,DA75945B-3FE1-4CE1-31BE-32494C407F7E,565,82B9DE23-034C-BDBA-F67B-EF5802EF25E9,4764,,Collateral received instrument,Collateral received instrument derived data,,,1,1,Y,N,Collateral received instrument,Y,E50F91BD-9CAA-1F59-DEF3-6907A545578F,641,FD26E12C-5E0A-ED3E-2934-B1B23964F406,642,6
Collateral received instrument obtained by taking possession has Collateral received instrument obtained by taking possession derived data,DA75945B-3FE1-4CE1-31BE-32494C407F7E,565,26E66791-5156-16DA-7CBE-D16079601D51,4765,,Collateral received instrument obtained by taking possession,Collateral received instrument obtained by taking possession derived data,,,1,1,Y,N,Collateral received instrument obtained by taking possession,Y,36DA9513-C66D-3F21-18D2-4E13D4F72A9E,643,7948F8F0-FB50-4C0D-2B08-191CFA43BB8A,644,6
Collateral received instrument protects Credit facility Collateral received instrument assignment,DA75945B-3FE1-4CE1-31BE-32494C407F7E,565,6F444CE9-26D6-55DC-41C4-B7DDF841A378,4766,,Collateral received instrument,Credit facility Collateral received instrument assignment,,,*,1,Y,N,None,Y,E50F91BD-9CAA-1F59-DEF3-6907A545578F,641,3D3DF7D3-3E55-EC90-1D66-B8ACC991B4AD,662,6
Collateral received instrument protects Financial asset instrument(s) via Other Instrument Collateral received instrument assignment,DA75945B-3FE1-4CE1-31BE-32494C407F7E,565,1E4380F7-6CCB-B837-CB98-E42E3EC6449D,4767,,Collateral received instrument,Instrument Collateral received instrument assignment,,,*,1,Y,N,None,Y,E50F91BD-9CAA-1F59-DEF3-6907A545578F,641,970C6EF9-779C-3173-9EDB-6226A668218D,838,6
Collateral received is assigned to protect Off-balance instrument via Off-balance instrument Collateral received assignment,DA75945B-3FE1-4CE1-31BE-32494C407F7E,565,0ED9BECE-EC2C-64B6-C7F4-39884848824C,4768,,Collateral received,Off-balance instrument Collateral received assignment,,,*,1,Y,N,None,Y,DCBBAB01-3686-CCD5-A54D-EA33D1CB2ED2,640,FEF00C66-CC8A-B061-1495-16AA9FB628D7,1009,6
Collateral received is part of Asset pool via Asset pool Collateral received assignment,DA75945B-3FE1-4CE1-31BE-32494C407F7E,565,053CE500-811E-80CC-7116-CF1B1CD1B534,4769,,Collateral received,Asset pool Collateral received assignment,,,*,1,Y,N,None,Y,DCBBAB01-3686-CCD5-A54D-EA33D1CB2ED2,640,3FB3AB42-7C91-CD5C-37CA-500B22FF713D,592,6
Collateral received protects Credit facility via Credit facility Collateral received assignment,DA75945B-3FE1-4CE1-31BE-32494C407F7E,565,36A77B2A-25CA-B675-C958-2A3FDFD3E97E,4770,,Collateral received,Credit facility Collateral received assignment,,,*,1,Y,N,None,Y,DCBBAB01-3686-CCD5-A54D-EA33D1CB2ED2,640,5E02F623-CC8D-9A20-AB10-A47E24CCF5C2,661,6
Collateral received protects Loan(s) (excluding repurchase agreement) and advance via Loan (excluding repurchase agreement) and advance Collateral received assignment,DA75945B-3FE1-4CE1-31BE-32494C407F7E,565,9B11BDDF-9ADC-A93D-AAC1-CAAE8383C46A,4771,,Collateral received,Loan (excluding repurchase agreement) and advance Collateral received assignment,,,*,1,Y,N,None,Y,DCBBAB01-3686-CCD5-A54D-EA33D1CB2ED2,640,ACDEC181-3399-411D-BD18-E28CCC37B7BC,891,6
Collateral received protects Long non-negotiable security positition via Long non-negotiable security position Collateral received assignment,DA75945B-3FE1-4CE1-31BE-32494C407F7E,565,9C1BFCE7-0E80-C60C-12B9-37D8136B8126,4772,,Collateral received,Long non-negotiable security position Collateral received assignment,,,*,1,Y,N,None,Y,DCBBAB01-3686-CCD5-A54D-EA33D1CB2ED2,640,A19587F2-EE13-306A-0074-0A19396D79CA,914,6
Commercial real estate loan indicator classifies Loan (excluding repurchase agreement) derived data,DA75945B-3FE1-4CE1-31BE-32494C407F7E,565,126632A7-0AD8-3D3F-AC83-863B6A1D20A5,4773,,Commercial real estate loan indicator,Loan (excluding repurchase agreement) derived data,,,*,1,Y,N,None,N,8EEFC725-A75F-1642-2754-1784DB13B8F4,648,FAD7D90B-080B-90E8-CC31-C4C1885818FB,894,1
Controlled by national or foreign bodies specifies Central bank and private sector company,DA75945B-3FE1-4CE1-31BE-32494C407F7E,565,23939A72-CDA7-2DB2-8CA3-E5F05DCEFB57,4774,,Controlled by national or foreign bodies,Central bank and private sector company,,,*,1,Y,N,None,N,3AFE0B22-DBD9-E041-B693-C01E7E96F6CB,651,85956057-D0C7-8869-F90B-A6A301A3A30F,623,1
Country is governed by Central government,DA75945B-3FE1-4CE1-31BE-32494C407F7E,565,E18220F9-E649-0E8C-A32C-DAEB7FEDCFCD,4775,,Country,Central government,,,1,1,N,N,Country,N,38013587-3E0F-07E3-FABD-AEF3C2ADF02B,652,E26DBBE7-6D04-816C-4350-56FC59587FE0,627,1
Country is location of Debt security with underlying assets,DA75945B-3FE1-4CE1-31BE-32494C407F7E,565,660C6944-BAC1-0133-A49C-4C960C630C70,4776,,Country,Debt security with underlying assets,,,*,1,Y,N,None,N,38013587-3E0F-07E3-FABD-AEF3C2ADF02B,652,E0F148A0-9C9D-A606-1568-84FF4AB58583,698,1
Country is rated by Rating grade for issuer based rating system(s) for central government via Rating grade Country assignment,DA75945B-3FE1-4CE1-31BE-32494C407F7E,565,1A859F80-BF1E-8A17-D425-0D1B1506A640,4777,,Country,Rating grade Country assignment,,,*,1,Y,N,None,Y,38013587-3E0F-07E3-FABD-AEF3C2ADF02B,652,E7A44111-ABF5-F2D2-9A53-2B7DA7469520,1136,1
Covered bond acts as a Covered bond issuance,DA75945B-3FE1-4CE1-31BE-32494C407F7E,565,BD8AD293-13AB-2336-1FE1-E897DFE98428,4778,,Covered bond,Covered bond issuance,,,1,1,Y,N,Covered bond,Y,ED6F6EB1-9932-F244-ACC1-C7D1E07E0540,653,3AF3CD09-7540-3718-B623-38E579D1423A,654,5
Covered bond programme comprises Covered bond issuance(s),DA75945B-3FE1-4CE1-31BE-32494C407F7E,565,B9E5228E-2115-2B18-7BA9-70B34E8157CC,4779,,Covered bond programme,Covered bond issuance,,,*,1,N,N,None,Y,459D3125-2F68-477E-EAC2-635498AA4DB0,655,3AF3CD09-7540-3718-B623-38E579D1423A,654,5
Covered bond programme has Covered bond programme relevant regime excess,DA75945B-3FE1-4CE1-31BE-32494C407F7E,565,86904621-2C00-B2AB-C712-BEBA80F57A05,4780,,Covered bond programme,Covered bond programme relevant regime excess,,,1,1,Y,N,Covered bond programme,Y,459D3125-2F68-477E-EAC2-635498AA4DB0,655,9F2A98FD-5964-307F-BF7E-35D69BC33676,656,5
Covered bond programme has excess coverage requirements calculated via Rating agency excess methodology result Covered bond programme assignment,DA75945B-3FE1-4CE1-31BE-32494C407F7E,565,52A75A01-3767-DC9C-851F-CD1A5811C7BC,4781,,Covered bond programme,Rating agency excess methodology result Covered bond programme assignment,,,*,1,Y,N,None,Y,459D3125-2F68-477E-EAC2-635498AA4DB0,655,FAF52176-CA9F-B678-2517-5A91D63FBC6F,1133,5
Credit card debt has Credit card debt Creditor assignment,DA75945B-3FE1-4CE1-31BE-32494C407F7E,565,8E430AE7-905B-3DA7-0674-8C966CB729F3,4782,,Credit card debt,Credit card debt Creditor assignment,,,1,1,Y,N,Credit card debt,Y,E15885CE-699E-B3B5-610B-AA173173EEBF,657,D74A184E-FD0B-BFCF-805F-052C4DD6AD65,658,5
Credit card debt has Debtor via Credit card debt Loan debtor assignment,DA75945B-3FE1-4CE1-31BE-32494C407F7E,565,A0083670-7A69-5B8D-44B3-0C5CA4F9FC50,4783,,Credit card debt,Credit card debt Loan debtor assignment,,,1,1,Y,N,Credit card debt,Y,E15885CE-699E-B3B5-610B-AA173173EEBF,657,5D2B58AB-9ACF-0DE8-4224-69C85E35F560,659,5
Credit facility gives rise to Instrument resulting from a Credit facility,DA75945B-3FE1-4CE1-31BE-32494C407F7E,565,7D808783-CCD3-EDAD-B7DB-6994FAB738BE,4784,,Credit facility,Instrument resulting from a Credit facility,,,*,1,Y,N,None,N,FB69AB11-CA2F-CB73-8B7F-7D06ABB9DDE3,660,047D9F8F-DE50-B427-58DB-627CA64E4F18,845,5
Credit facility has Credit facility derived data,DA75945B-3FE1-4CE1-31BE-32494C407F7E,565,DBBCD3A5-8C43-AFA7-A0B3-D7C05D19D309,4785,,Credit facility,Credit facility derived data,,,1,1,Y,N,Credit facility,Y,FB69AB11-CA2F-CB73-8B7F-7D06ABB9DDE3,660,766DB1DB-E82A-0D6B-AD29-8DF5D263186A,665,5
Credit facility has Credit facility risk data,DA75945B-3FE1-4CE1-31BE-32494C407F7E,565,8186BA83-E1D4-E0E1-ABD8-E2653D915779,4786,,Credit facility,Credit facility risk data,,,1,1,Y,N,Credit facility,Y,FB69AB11-CA2F-CB73-8B7F-7D06ABB9DDE3,660,536D9BE8-895C-32C3-C6AD-50ABD7478588,667,5
Credit facility has Creditor via Credit facility Creditor assignment,DA75945B-3FE1-4CE1-31BE-32494C407F7E,565,CDE405AC-22EA-6D70-EADA-DB5CF921752A,4787,,Credit facility,Credit facility Creditor assignment,,,1,1,Y,N,Credit facility,Y,FB69AB11-CA2F-CB73-8B7F-7D06ABB9DDE3,660,1190B810-FE41-4FFA-574E-C114BC6E93EE,663,5
Credit facility has Debtor(s) via Credit facility Debtor assignment,DA75945B-3FE1-4CE1-31BE-32494C407F7E,565,0F9C0D93-6188-BCC1-1E05-D7232E0312F9,4788,,Credit facility,Credit facility Debtor assignment,,,*,1,Y,N,None,Y,FB69AB11-CA2F-CB73-8B7F-7D06ABB9DDE3,660,50876A01-97CB-9B8D-5538-DC7CCABC188B,664,5
Credit facility has Servicer via Credit facility Servicer assignment,DA75945B-3FE1-4CE1-31BE-32494C407F7E,565,97F5A1D5-A943-23B6-1B5D-E3A1EFBB33FB,4789,,Credit facility,Credit facility Servicer assignment,,,1,1,Y,N,Credit facility,Y,FB69AB11-CA2F-CB73-8B7F-7D06ABB9DDE3,660,425714B4-12A1-0F8F-8263-5DA886C908EF,669,5
Credit facility is Credit facility with interest rate,DA75945B-3FE1-4CE1-31BE-32494C407F7E,565,494A6447-EBB1-CAB7-FC87-8B8F4818815B,4790,,Credit facility,Credit facility with interest rate,,,1,1,Y,N,Credit facility,Y,FB69AB11-CA2F-CB73-8B7F-7D06ABB9DDE3,660,10E5A864-2FE8-8E4C-13A6-0C7ABB592427,670,5
Credit facility is protected by Collateral received instrument via Credit facility Collateral received instrument assignment,DA75945B-3FE1-4CE1-31BE-32494C407F7E,565,C91AA0EB-6B53-2D42-15CF-6AD21580172A,4791,,Credit facility,Credit facility Collateral received instrument assignment,,,*,1,Y,N,None,Y,FB69AB11-CA2F-CB73-8B7F-7D06ABB9DDE3,660,3D3DF7D3-3E55-EC90-1D66-B8ACC991B4AD,662,5
Credit facility is protected by collateral via Credit facility Collateral received assignment,DA75945B-3FE1-4CE1-31BE-32494C407F7E,565,FDA0ABE6-7F31-2A9A-4A4E-A6B9489A251B,4792,,Credit facility,Credit facility Collateral received assignment,,,*,1,Y,N,None,Y,FB69AB11-CA2F-CB73-8B7F-7D06ABB9DDE3,660,5E02F623-CC8D-9A20-AB10-A47E24CCF5C2,661,5
Credit facility is provided for Traditional securitisation,DA75945B-3FE1-4CE1-31BE-32494C407F7E,565,492F4BB1-713F-DE67-9A81-46A914E14DDE,4793,,Credit facility,Traditional securitisation,,,1,1,Y,Y,Credit facility,N,FB69AB11-CA2F-CB73-8B7F-7D06ABB9DDE3,660,FA2C1C55-9919-EFA4-4644-24E333EEF6B4,1285,5
Credit facility risk data has Credit facility risk data derived data,DA75945B-3FE1-4CE1-31BE-32494C407F7E,565,2EAA9265-0445-855B-E900-FDCE2ABB8B5F,4794,,Credit facility risk data,Credit facility risk data derived data,,,1,1,Y,N,Credit facility risk data,Y,536D9BE8-895C-32C3-C6AD-50ABD7478588,667,ACF614FC-DE11-E7C1-0954-03D14F3003EB,668,5
Creditor is creditor of Credit facility Creditor assignment,DA75945B-3FE1-4CE1-31BE-32494C407F7E,565,94B3BA3A-25E3-139A-0AE1-E0A647E76028,4795,,Creditor,Credit facility Creditor assignment,,,*,1,Y,N,None,Y,D30824D1-0C3B-E54E-308D-941032A317C3,672,1190B810-FE41-4FFA-574E-C114BC6E93EE,663,6
Creditor is creditor of Reverse repurchase agreement loan via Reverse repurchase agreement loan Creditor assignment,DA75945B-3FE1-4CE1-31BE-32494C407F7E,565,29D94DF0-BD1F-5DC4-23C7-EB6A1A03D43E,4796,,Creditor,Reverse repurchase agreement loan Creditor assignment,,,*,1,Y,N,None,Y,D30824D1-0C3B-E54E-308D-941032A317C3,672,4E5FB108-081B-A671-FF14-861429EEA2F0,1174,6
Creditor provides Advance(s) via Advance Creditor assignment,DA75945B-3FE1-4CE1-31BE-32494C407F7E,565,9C023B32-EBAB-D54E-1768-465072103F52,4797,,Creditor,Advance Creditor assignment,,,*,1,Y,N,None,Y,D30824D1-0C3B-E54E-308D-941032A317C3,672,DFD3F649-FB8D-DEC1-5FD2-0A109F0FAB7B,579,6
Creditor provides Credit card debt via Credit card debt Creditor assignment,DA75945B-3FE1-4CE1-31BE-32494C407F7E,565,BE64568E-8B70-CCC2-B424-4B08DA791121,4798,,Creditor,Credit card debt Creditor assignment,,,*,1,Y,N,None,Y,D30824D1-0C3B-E54E-308D-941032A317C3,672,D74A184E-FD0B-BFCF-805F-052C4DD6AD65,658,6
Creditor provides Other commitment(s) via Other commitment Creditor assignment,DA75945B-3FE1-4CE1-31BE-32494C407F7E,565,D12119BD-00AB-7FC1-097F-E0501A4E8D04,4799,,Creditor,Other commitment Creditor assignment,,,*,1,Y,N,None,Y,D30824D1-0C3B-E54E-308D-941032A317C3,672,BC34A942-50AA-98C4-D237-EEE6BD494811,1031,6
Creditor provides Other loan(s) via Other loan Creditor assignment,DA75945B-3FE1-4CE1-31BE-32494C407F7E,565,BB214538-F763-3F26-D48E-901F3A51E5B2,4800,,Creditor,Other loan Creditor assignment,,,*,1,Y,N,None,Y,D30824D1-0C3B-E54E-308D-941032A317C3,672,053AAD2F-0FEA-D5AE-2459-FE9EBEB05DEF,1044,6
Currency classifies Significant currency 10% depreciation contingent encumbrance,DA75945B-3FE1-4CE1-31BE-32494C407F7E,565,7AB99CCC-0EFE-EE58-52D6-CBB75AEEA650,4801,,Currency,Significant currency 10% depreciation contingent encumbrance,,,*,1,Y,N,None,Y,D9FEFF2E-B32D-D101-FE35-DA78D0769518,677,0FDCA4D8-B545-6B9A-4566-483B777FF9EE,1239,1
Currency is assiged to Security(s),DA75945B-3FE1-4CE1-31BE-32494C407F7E,565,49D046A2-0379-3156-87C5-3170E0AA5685,4802,,Currency,Security,,,*,1,Y,N,None,N,D9FEFF2E-B32D-D101-FE35-DA78D0769518,677,6B9C4C46-5617-E783-1C65-FB2BF74222E9,1190,1
Currency is assigned to Credit facility(s),DA75945B-3FE1-4CE1-31BE-32494C407F7E,565,5BEA60B6-14B6-CED6-E421-F0D542F2F9C7,4803,,Currency,Credit facility,,,*,1,Y,N,None,N,D9FEFF2E-B32D-D101-FE35-DA78D0769518,677,FB69AB11-CA2F-CB73-8B7F-7D06ABB9DDE3,660,1
Currency is assigned to Exchange tradable derivative,DA75945B-3FE1-4CE1-31BE-32494C407F7E,565,E7563D79-C65D-ADC2-6320-D4E8B2267C94,4804,,Currency,Exchange tradable derivative,,,*,1,Y,N,None,N,D9FEFF2E-B32D-D101-FE35-DA78D0769518,677,A6C92F7E-77E2-595C-9979-8277C560E2E9,743,1
Currency is assigned to Loan (excluding repurchase agreement),DA75945B-3FE1-4CE1-31BE-32494C407F7E,565,57F28A68-CA1A-514D-0113-AB0D48173C95,4805,,Currency,Loan (excluding repurchase agreement),,,*,1,Y,N,None,N,D9FEFF2E-B32D-D101-FE35-DA78D0769518,677,2F591A1C-DF86-8E7B-24D4-C62F809C445B,887,1
Currency is assigned to Over the counter (OTC) Derivative instrument,DA75945B-3FE1-4CE1-31BE-32494C407F7E,565,98B9B006-57AD-B031-EB98-2C19A2D09E59,4806,,Currency,Over the counter (OTC) Derivative instrument,,,*,1,Y,N,None,N,D9FEFF2E-B32D-D101-FE35-DA78D0769518,677,9665198A-8A15-BE5A-E137-9B7F66788D28,1069,1
Currency is assigned to Security borrowing and lending transaction cash as collateral component,DA75945B-3FE1-4CE1-31BE-32494C407F7E,565,B36124E1-41C7-59E6-D2A9-1D2F7CDFC8B8,4807,,Currency,Security borrowing and lending transaction cash as collateral component,,,*,1,Y,N,None,N,D9FEFF2E-B32D-D101-FE35-DA78D0769518,677,D1D28EE2-215B-6BEB-C084-5E41567A01A0,1197,1
Currency is base currency for Foreign exchange risk factor for standardised approach,DA75945B-3FE1-4CE1-31BE-32494C407F7E,565,86B38E13-4CA1-76E8-212B-FF1C1865321A,4808,,Currency,Foreign exchange risk factor for standardised approach,,,*,1,Y,N,None,N,D9FEFF2E-B32D-D101-FE35-DA78D0769518,677,D0C7796B-E5F7-9C50-E62C-FAACD75C2C2B,800,1
Currency is currency of record of Curvature,DA75945B-3FE1-4CE1-31BE-32494C407F7E,565,4C174DC6-3B8D-1489-9433-8774384A333F,4809,,Currency,Curvature,,,*,1,Y,N,None,N,D9FEFF2E-B32D-D101-FE35-DA78D0769518,677,F967C86E-0099-13F5-8F87-78E669CCFD22,681,1
Currency is currency of record of Delta sensitivity,DA75945B-3FE1-4CE1-31BE-32494C407F7E,565,6CAC24B9-CF9F-19C4-F257-DDD3276C72AD,4810,,Currency,Delta sensitivity,,,*,1,Y,N,None,N,D9FEFF2E-B32D-D101-FE35-DA78D0769518,677,4D9CD3E9-1041-6ADC-6DDC-FCF0393C5428,703,1
Currency is currency of record of Vega sensitivity,DA75945B-3FE1-4CE1-31BE-32494C407F7E,565,10EB90D8-2D58-330B-0D21-766AF8BD106F,4811,,Currency,Vega sensitivity,,,*,1,Y,N,None,N,D9FEFF2E-B32D-D101-FE35-DA78D0769518,677,0558DA01-39E4-7E0A-EFF1-EA936D212868,1302,1
Currency is main currency for General interest rate risk (GIRR) factor for standardised approach,DA75945B-3FE1-4CE1-31BE-32494C407F7E,565,1CEFC288-D67B-E12D-E158-F81D7614075F,4812,,Currency,General interest rate risk (GIRR) factor for standardised approach,,,*,1,Y,N,None,N,D9FEFF2E-B32D-D101-FE35-DA78D0769518,677,5F9389BD-1C3F-2C71-4DF3-6222586FF434,809,1
Currency is risk currency for Foreign exchange risk factor for standardised approach,DA75945B-3FE1-4CE1-31BE-32494C407F7E,565,7C5C114A-52ED-A78F-142B-6FE0C740E4DE,4813,,Currency,Foreign exchange risk factor for standardised approach,,,*,1,Y,N,None,N,D9FEFF2E-B32D-D101-FE35-DA78D0769518,677,D0C7796B-E5F7-9C50-E62C-FAACD75C2C2B,800,1
Currency is second currency of General interest rate risk (GIRR) factor for standardised approach,DA75945B-3FE1-4CE1-31BE-32494C407F7E,565,EBC807B4-9256-8BF6-39A8-7AA85105AFF5,4814,,Currency,General interest rate risk (GIRR) factor for standardised approach,,,*,1,Y,Y,None,N,D9FEFF2E-B32D-D101-FE35-DA78D0769518,677,5F9389BD-1C3F-2C71-4DF3-6222586FF434,809,1
Currency is used as Currency collateral(s),DA75945B-3FE1-4CE1-31BE-32494C407F7E,565,1F5C39E6-78CB-174C-60B5-25E8AABE812D,4815,,Currency,Currency collateral,,,*,1,Y,N,None,N,D9FEFF2E-B32D-D101-FE35-DA78D0769518,677,DD50FD2D-91AF-6B56-1E8E-816DC618624A,678,1
Currency specifies Cash on hand(s),DA75945B-3FE1-4CE1-31BE-32494C407F7E,565,3348DEA8-D212-153B-5A27-7DE8F92A6D39,4816,,Currency,Cash on hand,,,*,1,Y,N,None,Y,D9FEFF2E-B32D-D101-FE35-DA78D0769518,677,ECF68788-373E-1D0F-3815-7A354DDD7269,620,1
Date / period of application of forbearance measure type classifies Long security position derived data,DA75945B-3FE1-4CE1-31BE-32494C407F7E,565,8B41A431-13C6-779A-5EFA-0718C0E07399,4817,,Date / period of application of forbearance measure type,Long security position derived data,,,*,1,Y,Y,None,N,CE538650-A61E-31B3-8BC0-34C2697C90B3,682,4580B4C6-27D9-1D6E-2463-DE8C7A594A3A,920,1
Date / period of application of forbearance measure type classifies Renegotiated financial asset instrument with forbearance measure derived data,DA75945B-3FE1-4CE1-31BE-32494C407F7E,565,16BACC07-A579-1154-F0D1-ECD7F6799BED,4818,,Date / period of application of forbearance measure type,Renegotiated financial asset instrument with forbearance measure derived data,,,*,1,Y,N,None,N,CE538650-A61E-31B3-8BC0-34C2697C90B3,682,048D458D-00B0-1F3C-D9A5-87EAE9C831CA,1156,1
Debt financing according to AnaCredit indicator classifies Financial asset instrument,DA75945B-3FE1-4CE1-31BE-32494C407F7E,565,EEBBE7C9-93FD-6FBC-0EE1-4719997576CA,4819,,Debt financing according to AnaCredit indicator,Financial asset instrument,,,*,1,Y,N,None,N,CCF1645C-6F00-B901-8468-49305E289044,683,AC25CE06-349E-2EC8-DA05-FFD6B8759432,776,1
Debt security has Debtor via Debt security Debtor assignment,DA75945B-3FE1-4CE1-31BE-32494C407F7E,565,AD03D970-51CE-076B-9AFF-C889ED0BC630,4820,,Debt security,Debt security Debtor assignment,,,1,1,N,N,Debt security,Y,BE76A78F-7CDB-648D-9F71-76109033434A,684,A8252FAF-D0C6-0C2A-BC0B-AF12F4C4B066,686,5
Debt security has Debt security derived data,DA75945B-3FE1-4CE1-31BE-32494C407F7E,565,D270B264-B944-ACA8-6AB6-3021253094FE,4821,,Debt security,Debt security derived data,,,1,1,Y,N,Debt security,Y,BE76A78F-7CDB-648D-9F71-76109033434A,684,36A62AF3-D353-AE65-7F5D-0B209D20E7F7,687,5
Debt security is rated by Rating grade for issue-based rating system via Rating grade for issue-based rating system Debt security assignment,DA75945B-3FE1-4CE1-31BE-32494C407F7E,565,AD291649-429B-2AD1-E641-6B567B5CA062,4822,,Debt security,Rating grade for issue-based rating system Debt security assignment,,,*,1,Y,N,None,Y,BE76A78F-7CDB-648D-9F71-76109033434A,684,9D8182AE-1F22-A772-985D-FF2C85231351,1138,5
Debt security issued (by the reporting agent) acts as Financial liability in the form of a debt security issued,DA75945B-3FE1-4CE1-31BE-32494C407F7E,565,47734718-DAA7-65EB-119E-79BDC560AD91,4823,,Debt security,Debt security issued (by the reporting agent),,,*,1,Y,N,None,Y,BE76A78F-7CDB-648D-9F71-76109033434A,684,101580C7-7A41-DBA0-F668-CA0B21D0D2A3,690,5
Debt security issued (by the reporting agent) comprises Debt security issued (by the reporting agent) Traditional securitisation assignment,DA75945B-3FE1-4CE1-31BE-32494C407F7E,565,7AEEABF3-5492-AAD1-53FA-4D2309EA7B5F,4824,,Debt security issued (by the reporting agent),Debt security issued (by the reporting agent) Traditional securitisation assignment,,,*,1,Y,N,None,Y,101580C7-7A41-DBA0-F668-CA0B21D0D2A3,690,8F67F20B-41BF-6D1D-9D6F-D70B8FCC1937,694,6
Debt security issued (by the reporting agent) has Collateral given instrument as protection via Collateral given instrument Debt security issued assignment,DA75945B-3FE1-4CE1-31BE-32494C407F7E,565,242CA108-632D-64E5-D772-E1BED647DF94,4825,,Debt security issued (by the reporting agent),Collateral given instrument Debt security issued assignment,,,*,1,Y,N,None,Y,101580C7-7A41-DBA0-F668-CA0B21D0D2A3,690,1FA53472-DF84-3E02-DC8C-1FA9C5F591E6,635,6
Debt security issued (by the reporting agent) has Debt security issued (by the reporting agent) as a hedge,DA75945B-3FE1-4CE1-31BE-32494C407F7E,565,E4B86C8C-6362-C140-0E71-10BB50972A3B,4826,,Debt security issued (by the reporting agent),Debt security issued (by the reporting agent) as a hedge,,,1,1,Y,N,Debt security issued (by the reporting agent),Y,101580C7-7A41-DBA0-F668-CA0B21D0D2A3,690,FAEB9B83-BE89-F719-6667-BF2DE4448BFE,691,6
Debt security issued (by the reporting agent) has Debt security issued (by the reporting agent) derived data,DA75945B-3FE1-4CE1-31BE-32494C407F7E,565,660A09BC-9482-83E7-146E-7DD06BD07CEC,4827,,Debt security issued (by the reporting agent),Debt security issued (by the reporting agent) derived data,,,1,1,Y,N,None,Y,101580C7-7A41-DBA0-F668-CA0B21D0D2A3,690,293B135E-4BE8-D75B-C459-0B4AE236D639,692,6
Debt security issued (by the reporting agent) is protected by Protection arrangement given via Debt security issued (by the reporting agent) Protection arrangement given assignment,DA75945B-3FE1-4CE1-31BE-32494C407F7E,565,F387D74B-2054-E38F-B9F0-EECB96968023,4828,,Debt security issued (by the reporting agent),Debt security issued (by the reporting agent) Protection arrangement given assignment,,,*,1,Y,N,None,Y,101580C7-7A41-DBA0-F668-CA0B21D0D2A3,690,4168935E-4D89-CE53-1EB0-18582CF17B3C,693,6
Debt security may have many Financial guarantee Debt security assignment(s) via Financial guarantee instrument covering a Debt security Debt security assignment,DA75945B-3FE1-4CE1-31BE-32494C407F7E,565,05BCB0E5-22ED-6F70-8F5B-C518399551C5,4829,,Debt security,Financial guarantee instrument covering a Debt security Debt security assignment,,,*,1,Y,N,None,Y,BE76A78F-7CDB-648D-9F71-76109033434A,684,7396EA3F-7D6F-426E-4EF7-9D178B684954,786,5
Default status classifies Off-balance sheet item given instrument,DA75945B-3FE1-4CE1-31BE-32494C407F7E,565,6DDF08DD-0DA6-B2A8-217D-7CF845F04D77,4830,,Default status,Off-balance sheet item given instrument,,,*,1,Y,N,None,N,AEE02076-07ED-1BEC-B9D2-09B9A3915932,700,F7CE6C6C-5F4E-2BA8-B205-B1E9F0BB3D0E,1010,1
Default status is applied to Default financial asset instrument individually assessed,DA75945B-3FE1-4CE1-31BE-32494C407F7E,565,DAB08F65-F787-5DB9-9CAD-8B67095355B0,4831,,Default status,Default financial asset instrument individually assessed,,,*,1,Y,N,None,N,AEE02076-07ED-1BEC-B9D2-09B9A3915932,700,DA151DC7-7B94-A55E-0D48-C21F53769CFF,699,1
Default status is applied to Long debt security position,DA75945B-3FE1-4CE1-31BE-32494C407F7E,565,65B664C5-6127-179A-B742-AB95F9E12D4C,4832,,Default status,Long debt security position,,,*,1,Y,N,None,N,AEE02076-07ED-1BEC-B9D2-09B9A3915932,700,6DF93BD6-33CC-E6A0-AC4D-C2073DEACB95,899,1
Deposit belongs to Depositor via Deposit Depositor assignment,DA75945B-3FE1-4CE1-31BE-32494C407F7E,565,3357D046-122E-10F3-4620-0B02A26691A4,4833,,Deposit,Deposit Depositor assignment,,,1,1,Y,N,Deposit,Y,9CCB209C-1981-3086-B589-367D457CE9CD,704,7991FFB7-6B28-808F-97AC-6FFBC72BCF2E,705,5
Deposit is provided by Deposit taking corporation via Deposit Deposit taking corporation assignment,DA75945B-3FE1-4CE1-31BE-32494C407F7E,565,B3416C6E-C4B7-6F15-BC6D-BB6D7AB167B1,4834,,Deposit,Deposit Deposit taking corporation assignment,,,1,1,Y,N,Deposit,Y,9CCB209C-1981-3086-B589-367D457CE9CD,704,5B77D927-F7BE-DD1D-6A5C-64ACEBF9CC05,706,5
Depositor owns Deposit(s) via Deposit Depositor assignment,DA75945B-3FE1-4CE1-31BE-32494C407F7E,565,0E643560-C394-AFFB-8D5F-90DC131107DA,4835,,Depositor,Deposit Depositor assignment,,,*,1,Y,N,None,Y,5E416CB6-0852-9D11-8296-1740EE60DF6C,707,7991FFB7-6B28-808F-97AC-6FFBC72BCF2E,705,6
Deposit protects Tranche in a synthetic securitisation without securitisation special purpose entity (SSPE) being a deposit via Tranche in a synthetic securitisation without SSPE being a deposit,DA75945B-3FE1-4CE1-31BE-32494C407F7E,565,8C0F374F-AB55-7C9D-0BC8-95A3E8570D36,4836,,Deposit,Tranche in a synthetic securitisation without securitisation special purpose entity (SSPE) being a deposit,,,1,1,Y,N,Deposit,Y,9CCB209C-1981-3086-B589-367D457CE9CD,704,3816F7B6-FE7A-DDAD-3E37-FFD4314F896E,1288,5
Deposit stems from Repurchase agreement cash leg,DA75945B-3FE1-4CE1-31BE-32494C407F7E,565,CEB512DB-EE31-9F19-78A3-FF057E0395F6,4837,,Repurchase agreement cash leg,Deposit,,,1,1,N,Y,Deposit,N,7D5B562C-DAFA-92DC-7FAD-E5F13FBB9BF7,1164,9CCB209C-1981-3086-B589-367D457CE9CD,704,5
Deposit taking corporation provides Deposit(s) via Deposit Deposit taking corporation assignment,DA75945B-3FE1-4CE1-31BE-32494C407F7E,565,12D54D84-0765-342D-D721-1761CCD8A2FF,4838,,Deposit taking corporation,Deposit Deposit taking corporation assignment,,,*,1,Y,N,None,Y,4A502F49-3E3C-81C4-5608-7F4401EDE34A,709,5B77D927-F7BE-DD1D-6A5C-64ACEBF9CC05,706,6
Derived default status is derived for Long debt security position derived data,DA75945B-3FE1-4CE1-31BE-32494C407F7E,565,62B0CF8A-CFB9-57CB-6EFD-2009BEFB10F0,4839,,Derived default status,Long debt security position derived data,,,*,1,Y,Y,None,N,E9536D61-7E1C-2898-E0A7-6AA3EAC169A0,711,479DE3FE-780A-3BCF-AED6-7EBC388AE0DD,900,1
Derived default status is derived for Off-balance sheet item given instrument derived data,DA75945B-3FE1-4CE1-31BE-32494C407F7E,565,FA6262AE-E43C-743A-9D06-3408AB11E781,4840,,Derived default status,Off-balance sheet item given instrument derived data,,,*,1,Y,N,None,N,E9536D61-7E1C-2898-E0A7-6AA3EAC169A0,711,41AF9BCF-3A30-E769-02F3-A0FD1ACDC86E,1011,1
Derived default status is derived in Credit facility risk data derived data,DA75945B-3FE1-4CE1-31BE-32494C407F7E,565,C27F1743-D766-56FB-979D-FEAC53C4393B,4841,,Derived default status,Credit facility risk data derived data,,,*,1,Y,N,None,N,E9536D61-7E1C-2898-E0A7-6AA3EAC169A0,711,ACF614FC-DE11-E7C1-0954-03D14F3003EB,668,1
Derived default status is derived in Financial asset instrument derived data,DA75945B-3FE1-4CE1-31BE-32494C407F7E,565,C3919E17-89E5-FB4B-6FE4-A4C3B816A8CD,4842,,Derived default status,Financial asset instrument derived data,,,*,1,Y,Y,None,N,E9536D61-7E1C-2898-E0A7-6AA3EAC169A0,711,6CBCC0E7-4D57-A936-5273-6A99009949C4,778,1
Domestic institutional unit comprises Organisation,DA75945B-3FE1-4CE1-31BE-32494C407F7E,565,5BCE76C9-B35B-6C72-5A8E-16FD7BBA99B3,4843,,Domestic institutional unit,Organisation,,,*,1,Y,Y,None,N,92EA0EE2-9231-25BD-E81C-498A2B560724,714,36F4F142-0055-6B37-EB1E-64DFB173402F,1019,5
Early redemptions included type classifies Security derived data,DA75945B-3FE1-4CE1-31BE-32494C407F7E,565,F98F7CBB-6F1E-E35E-DB02-B5867CDC71ED,4844,,Early redemptions included type,Security derived data,,,*,1,Y,N,None,N,2F642772-B370-F91D-EDE4-621EC12A41A2,715,A02BF830-A5C0-4692-FF4D-EE79688737AD,1208,1
ECA / ECAI classifies Rating agency(ies),DA75945B-3FE1-4CE1-31BE-32494C407F7E,565,A9B11F04-D4C8-F39F-857C-4F78B5E18B93,4845,,ECA / ECAI,Rating agency,,,1,1,Y,N,None,N,467A5EFF-E587-6C10-6578-0DB70791A48B,716,619A31E0-3703-F2FC-5946-75EE5A48E9D4,1132,1
Eligible for central bank funding type classifies Debt security(ies),DA75945B-3FE1-4CE1-31BE-32494C407F7E,565,031CE2C9-93CA-81FD-A21A-98FEDF8719D7,4846,,Eligible for central bank funding type,Debt security,,,*,1,Y,N,None,N,BEE5808D-E831-D164-949D-8EF08AC228C8,717,BE76A78F-7CDB-648D-9F71-76109033434A,684,1
Eligible for central bank funding type classifies Equity instrument that is not a security,DA75945B-3FE1-4CE1-31BE-32494C407F7E,565,37A874F8-09F5-D695-1473-867707FF06AD,4847,,Eligible for central bank funding type,Equity instrument that is not a security,,,*,1,Y,N,None,N,BEE5808D-E831-D164-949D-8EF08AC228C8,717,8A8D0D02-20AB-A34A-0960-5F899B0B8A56,729,1
Eligible for central bank funding type classifies Equity security,DA75945B-3FE1-4CE1-31BE-32494C407F7E,565,52B7061C-515A-036E-750F-F54B0625D1BC,4848,,Eligible for central bank funding type,Equity security,,,*,1,Y,N,None,N,BEE5808D-E831-D164-949D-8EF08AC228C8,717,D160A65D-BF4D-FF4B-8C35-6FDE2EF7DFAE,737,1
Eligible for central bank funding type classifies Loan (excluding repurchase agreement) and advance,DA75945B-3FE1-4CE1-31BE-32494C407F7E,565,1299A378-4D76-BEF3-5B09-2DD5BA316849,4849,,Eligible for central bank funding type,Loan (excluding repurchase agreement) and advance,,,*,1,Y,N,None,N,BEE5808D-E831-D164-949D-8EF08AC228C8,717,B6FD5D89-A17A-4780-AA57-0259F91E0630,888,1
Encumbered asset indicator clasifies Long security position derived data,DA75945B-3FE1-4CE1-31BE-32494C407F7E,565,C1FBA267-0852-8EF4-9933-2181268C64E2,4850,,Encumbered asset indicator,Long security position derived data,,,*,1,Y,Y,None,N,89A25A88-DF54-C195-6643-F9649C0AB478,719,4580B4C6-27D9-1D6E-2463-DE8C7A594A3A,920,1
Encumbered asset indicator classifies Cash on hand,DA75945B-3FE1-4CE1-31BE-32494C407F7E,565,A8219D05-3998-C4B2-4ADA-4FF9AE471D39,4851,,Encumbered asset indicator,Cash on hand,,,*,1,Y,N,None,Y,89A25A88-DF54-C195-6643-F9649C0AB478,719,ECF68788-373E-1D0F-3815-7A354DDD7269,620,1
Encumbered asset indicator classifies Collateral derived data,DA75945B-3FE1-4CE1-31BE-32494C407F7E,565,15C52361-18B0-6E1C-5A19-50222DE92284,4852,,Encumbered asset indicator,Collateral derived data,,,*,1,Y,Y,None,N,89A25A88-DF54-C195-6643-F9649C0AB478,719,0E62E3F0-6FFD-E5E4-C654-80C99823D21D,632,1
Encumbered asset indicator classifies Credit facility derived data,DA75945B-3FE1-4CE1-31BE-32494C407F7E,565,1571B203-F9F4-2FCA-49F5-3B3CBB631187,4853,,Encumbered asset indicator,Credit facility derived data,,,*,1,Y,N,None,N,89A25A88-DF54-C195-6643-F9649C0AB478,719,766DB1DB-E82A-0D6B-AD29-8DF5D263186A,665,1
Encumbered asset indicator classifies Exchange tradable derivative asset position derived data,DA75945B-3FE1-4CE1-31BE-32494C407F7E,565,94C2DFC9-118C-5641-A114-566A44A7F3A7,4854,,Encumbered asset indicator,Exchange tradable derivative asset position derived data,,,*,1,Y,N,None,N,89A25A88-DF54-C195-6643-F9649C0AB478,719,CC3E0195-CB22-9CC5-C718-92B6D95FAFA3,746,1
Encumbered asset indicator classifies Financial asset instrument derived data,DA75945B-3FE1-4CE1-31BE-32494C407F7E,565,1DED57B2-2C9A-FA1A-7C64-247101121FA6,4855,,Encumbered asset indicator,Financial asset instrument derived data,,,*,1,Y,Y,None,N,89A25A88-DF54-C195-6643-F9649C0AB478,719,6CBCC0E7-4D57-A936-5273-6A99009949C4,778,1
Enterprise size (calculated) is calculated for Party previous period data,DA75945B-3FE1-4CE1-31BE-32494C407F7E,565,FA930BF5-26EC-3CEF-2467-56A9D5EB7FBD,4856,,Enterprise size (calculated),Party previous period data,,,*,1,Y,N,None,N,DD58D100-8E07-C96E-9247-8C2B3E9E64FE,721,9BC3536B-8321-4DC1-DBFD-E8B4652D40E2,1085,1
Enterprise size is assigned to Party derived data,DA75945B-3FE1-4CE1-31BE-32494C407F7E,565,31D60F69-937A-BC75-BFAE-5C2B40AB06FA,4857,,Enterprise size,Party derived data,,,*,1,Y,N,None,N,6B124BC2-A918-3C18-5BC9-C01912E19508,720,C192224A-CDD2-5821-F49B-17F7CA23BC53,1083,1
Enterprise type classifies Central bank and private sector company(ies),DA75945B-3FE1-4CE1-31BE-32494C407F7E,565,8CEC72B1-CE3F-BDE1-0210-0452A878CD15,4858,,Enterprise type,Central bank and private sector company,,,*,1,Y,N,None,N,640F6922-F9EE-51D8-1152-A6AE271F0417,722,85956057-D0C7-8869-F90B-A6A301A3A30F,623,1
Equity instrument leg is assigned to an Equity that is not a security via Equity instrument leg Equity instrument that is not a security assignment,DA75945B-3FE1-4CE1-31BE-32494C407F7E,565,D07943FF-D86D-BC81-9088-5794BA4594F4,4859,,Equity instrument leg,Equity instrument leg Equity instrument that is not a security assignment,,,*,1,Y,N,None,Y,49046F15-5858-1560-D72E-ADC0565AF1B9,727,8823A425-1725-1BCC-5F97-EDD31B224E2A,728,6
Equity instrument that is not a security had Equity instrument that is not a security as a hedge,DA75945B-3FE1-4CE1-31BE-32494C407F7E,565,E85215D3-072A-95A2-8335-0295CC00A2DE,4860,,Equity instrument that is not a security,Equity instrument that is not a security as a hedge,,,1,1,Y,N,Equity instrument that is not a security,Y,8A8D0D02-20AB-A34A-0960-5F899B0B8A56,729,30FE22A5-7D6D-B178-7F24-11F6D029B691,730,5
Equity instrument that is not a security Investor assignment has Investor(s),DA75945B-3FE1-4CE1-31BE-32494C407F7E,565,08A2CC28-1745-C3C5-7B8F-640ED88DD521,4861,,Equity instrument that is not a security,Equity instrument that is not a security Investor assignment,,,*,1,Y,N,None,Y,8A8D0D02-20AB-A34A-0960-5F899B0B8A56,729,5F922971-19B4-F2FA-B9EB-ADA753EAE6A3,731,5
Equity instrument that is not a security is part of Asset pool via Asset pool Equity instrument that is not a security assignment,DA75945B-3FE1-4CE1-31BE-32494C407F7E,565,A00CAEB0-4EBD-8EEA-4F2C-A1B26FFB0D6C,4862,,Equity instrument that is not a security,Asset pool Equity instrument that is not a security assignment,,,*,1,Y,N,None,Y,8A8D0D02-20AB-A34A-0960-5F899B0B8A56,729,95029E39-5435-2C4B-B75A-AA3013E2D9E7,593,5
Equity instrument that is not a security Issuer assignment has Issuer,DA75945B-3FE1-4CE1-31BE-32494C407F7E,565,0B68DCC9-6C8E-DA93-9ECA-FE8A964623FA,4863,,Equity instrument that is not a security,Equity instrument that is not a security Issuer assignment,,,1,1,Y,N,Equity instrument that is not a security,Y,8A8D0D02-20AB-A34A-0960-5F899B0B8A56,729,E681DB13-7A71-E87E-35B0-7DFAA0510D17,732,5
Equity instrument that is not a security is used as Equity instrument leg via Equity instrument leg Equity instrument that is not a security assignment,DA75945B-3FE1-4CE1-31BE-32494C407F7E,565,A1DFA3B2-C8FE-6B6C-BB82-FC6D58311821,4864,,Equity instrument that is not a security,Equity instrument leg Equity instrument that is not a security assignment,,,*,1,Y,N,None,Y,8A8D0D02-20AB-A34A-0960-5F899B0B8A56,729,8823A425-1725-1BCC-5F97-EDD31B224E2A,728,5
Equity security has Equity risk factor for standardised approach,DA75945B-3FE1-4CE1-31BE-32494C407F7E,565,0EABFA84-186D-4E3E-518E-05F8BD90E445,4865,,Equity security,Equity risk factor for standardised approach,,,1,1,Y,N,None,N,D160A65D-BF4D-FF4B-8C35-6FDE2EF7DFAE,737,C2014617-CE32-E7F2-B8AE-95111CEDC71D,736,5
European Union member address hosts European Union member party,DA75945B-3FE1-4CE1-31BE-32494C407F7E,565,D5B440F6-4E38-3BC8-2390-B9EC07B9A3D2,4866,,European Union member address,European Union member party,,,*,1,Y,N,None,N,4C5B9F82-190D-AF25-BC51-7E18BC5BA50F,739,AAF84954-725A-E258-FAD5-A53D93BB8C73,741,5
European Union member country contains Region(s),DA75945B-3FE1-4CE1-31BE-32494C407F7E,565,3C47AF0F-16B3-EA7B-8741-EEAD321ADFAC,4867,,European Union member country,Region,,,*,1,Y,N,None,Y,44A8A97C-9DA5-A3A4-039A-20869CE17076,740,E2FC71EA-36BB-8035-60D5-083C755E9211,1149,1
European Union member postal code has European Union member address,DA75945B-3FE1-4CE1-31BE-32494C407F7E,565,3C6ABCDA-A957-D386-30D0-65833BD5AD58,4868,,European Union member postal code,European Union member address,,,*,1,Y,N,None,Y,4E95C06E-6270-82A0-1DBC-C82A9C39D218,742,4C5B9F82-190D-AF25-BC51-7E18BC5BA50F,739,3
Exchange tradable derivative asset position has Exchange tradable derivative asset position derived data,DA75945B-3FE1-4CE1-31BE-32494C407F7E,565,A0D8F024-BACB-2205-7AFB-419FC6778B35,4869,,Exchange tradable derivative asset position,Exchange tradable derivative asset position derived data,,,*,1,Y,N,None,Y,4E309E14-0529-7D49-122C-2DE4FC2B2198,745,CC3E0195-CB22-9CC5-C718-92B6D95FAFA3,746,18
Exchange tradable derivative has by Exchange tradable derivative derived data,DA75945B-3FE1-4CE1-31BE-32494C407F7E,565,C87DCC58-4799-3332-90A9-05FE3B98181D,4870,,Exchange tradable derivative,Exchange tradable derivative derived data,,,1,1,Y,N,Exchange tradable derivative,Y,A6C92F7E-77E2-595C-9979-8277C560E2E9,743,C4C2135B-38B1-CDDC-3BB9-1271C559BEF7,748,5
Exchange tradable derivative is collateral in Exchange tradable derivative collateral,DA75945B-3FE1-4CE1-31BE-32494C407F7E,565,A384A377-5D06-FC01-A19E-DE2B0F2B5723,4871,,Exchange tradable derivative,Exchange tradable derivative collateral,,,*,1,Y,N,None,N,A6C92F7E-77E2-595C-9979-8277C560E2E9,743,C2CD3BDF-22BC-1FC6-0BAB-2CDA5B996B9C,747,5
Exchange tradable derivative is involved in Exchange tradable derivative position(s),DA75945B-3FE1-4CE1-31BE-32494C407F7E,565,A398C719-5892-98A5-B2B5-0D445B94A713,4872,,Exchange tradable derivative,Exchange tradable derivative position,,,*,1,Y,N,None,Y,A6C92F7E-77E2-595C-9979-8277C560E2E9,743,DB0CC98E-4E09-ADBF-024E-4EF7E3FA6604,752,5
Exchange tradable derivative is part of Asset pool via Asset pool Exchange tradable derivative position assignment,DA75945B-3FE1-4CE1-31BE-32494C407F7E,565,2A3959C9-6BE9-28C4-59F0-4C05D35E6235,4873,,Exchange tradable derivative position,Asset pool Exchange tradable derivative position assignment,,,*,1,Y,N,None,Y,DB0CC98E-4E09-ADBF-024E-4EF7E3FA6604,752,4CAD27AF-0587-C396-A72B-839760CF6C56,594,17
Exchange tradable derivative liability position comprises Exchange tradable derivative liability position Synthetic securitisation assignment,DA75945B-3FE1-4CE1-31BE-32494C407F7E,565,550EF037-BC9F-567A-F8EF-D11A87B23153,4874,,Exchange tradable derivative liability position,Exchange tradable derivative liability position Synthetic securitisation assignment,,,*,1,Y,N,None,Y,A5169C55-A549-B957-4273-12882244BA42,749,C89D083A-8940-4234-8E2C-3D6C4BA4C14C,751,18
Exchange tradable derivative liability position has Exchange tradable derivative liability position derived data,DA75945B-3FE1-4CE1-31BE-32494C407F7E,565,C0CC0432-1A40-13EF-26D7-B86038CCA2BC,4875,,Exchange tradable derivative liability position,Exchange tradable derivative liability position derived data,,,1,1,Y,N,Exchange tradable derivative liability position,Y,A5169C55-A549-B957-4273-12882244BA42,749,4237F589-4FF6-C531-BE87-4EA85AD52BDB,750,18
Exchange tradable derivative position acts in Exchange tradable derivative position role,DA75945B-3FE1-4CE1-31BE-32494C407F7E,565,B730E594-2D36-60F2-7647-689AE46A53B7,4876,,Exchange tradable derivative position,Exchange tradable derivative position role,,,*,1,Y,N,Exchange tradable derivative position,Y,DB0CC98E-4E09-ADBF-024E-4EF7E3FA6604,752,F5D2DB0E-E7B0-7BE6-0D84-ECDEDCC20B08,758,17
Exchange tradable derivative position as a hedge hedges instrument via Instrument hedged by Exchange tradable derivative position,DA75945B-3FE1-4CE1-31BE-32494C407F7E,565,51A59F88-6214-2C67-55B2-66DC2423A967,4877,,Exchange tradable derivative position as a hedge,Instrument hedged by Exchange tradable derivative position,,,*,1,Y,N,None,Y,6EEE9DB7-67AC-D2CA-13A9-4ED84E7604F3,753,474EA1B1-88C5-D308-02FE-3F5149F8FFBC,840,18
Exchange tradable derivative position as a hedge hedges security position via Security position hedged by Exchange tradable derivative position,DA75945B-3FE1-4CE1-31BE-32494C407F7E,565,8442152C-F267-8AA9-DA6B-20A80489A552,4878,,Exchange tradable derivative position as a hedge,Security position hedged by Exchange tradable derivative position,,,*,1,Y,N,None,Y,6EEE9DB7-67AC-D2CA-13A9-4ED84E7604F3,753,D9629432-8D04-BBF6-99F1-614B21EDC17C,1219,18
Exchange tradable derivative position is secured via Exchange tradable derivative position Protection arrangement received assignment,DA75945B-3FE1-4CE1-31BE-32494C407F7E,565,7E0FEA52-495C-9698-A3CB-5C3CEA9DE15E,4879,,Exchange tradable derivative position,Exchange tradable derivative position Protection arrangement received assignment,,,*,1,Y,N,None,Y,DB0CC98E-4E09-ADBF-024E-4EF7E3FA6604,752,6FA22E39-DFFC-6D2F-B4F5-ABC2E490B735,757,17
Exchange tradable derivative position is secured via Protection arrangement given Exchange tradable derivative position assignment,DA75945B-3FE1-4CE1-31BE-32494C407F7E,565,A248B3B7-4F55-687D-25AB-85C9AA9A2070,4880,,Exchange tradable derivative position,Protection arrangement given Exchange tradable derivative position assignment,,,*,1,Y,N,None,Y,DB0CC98E-4E09-ADBF-024E-4EF7E3FA6604,752,CF1B30B0-91DC-D42E-461A-003AF35F1298,1118,17
Exchange tradable derivative position specifies Fundamental review of the trading book standard approach risk measure for ETD positions,DA75945B-3FE1-4CE1-31BE-32494C407F7E,565,F51180C2-AEF2-091C-0A63-812511463E2D,4881,,Exchange tradable derivative position,Fundamental review of the trading book standard approach risk measure for ETD positions,,,*,1,Y,N,None,Y,DB0CC98E-4E09-ADBF-024E-4EF7E3FA6604,752,8A0875EC-6B6E-AC1A-CD23-71EC954DDA91,803,17
Exposure with recourse type classifies Financial asset instrument,DA75945B-3FE1-4CE1-31BE-32494C407F7E,565,C16D36F7-9386-67A2-E71A-1468EA250128,4882,,Exposure with recourse type,Financial asset instrument,,,*,1,Y,N,None,N,FACCDAF1-82A0-BEF4-AA69-7A0B5DF75791,761,AC25CE06-349E-2EC8-DA05-FFD6B8759432,776,1
Factoring has Factoring cash reserve,DA75945B-3FE1-4CE1-31BE-32494C407F7E,565,9E6ED67A-B33C-09A4-FB0E-7531F05193B3,4883,,Factoring,Factoring cash reserve,,,1,1,Y,N,Factoring,Y,44D38768-EAE7-DF26-2EAE-41C26D620E19,763,68E6CBD4-FAA8-68A0-31D1-1DDE81E3072B,764,5
Factor provides service for Trade receivable(s) via Trade receivable Factor assignment,DA75945B-3FE1-4CE1-31BE-32494C407F7E,565,901D0CA1-A4BA-DE32-660F-A6D66AB1514B,4884,,Factor,Trade receivable Factor assignment,,,*,1,Y,N,None,Y,D890D5C1-687D-71E9-E183-0305F7E652E9,762,20E8D039-861C-CE2E-A9AF-EC81951BC568,1284,6
Fair value designation is assigned to Fair-valued balance sheet recognised financial liability instrument,DA75945B-3FE1-4CE1-31BE-32494C407F7E,565,D8AFF2FE-DD1D-48E4-4092-075B55C883C0,4885,,Fair value designation,Fair-valued balance sheet recognised financial liability instrument,,,*,1,Y,N,None,N,7E6B5895-2EAE-724A-CF8B-C9875CD17314,772,CD6CA4D6-73F4-227E-86A5-6945C7ACAF0B,768,1
Fair value designation is assigned to Fair-valued debt security issued,DA75945B-3FE1-4CE1-31BE-32494C407F7E,565,FB60209F-DFD1-9B2C-AE50-043E4C21217E,4886,,Fair value designation,Fair-valued debt security issued,,,*,1,Y,N,None,N,7E6B5895-2EAE-724A-CF8B-C9875CD17314,772,EA26AC91-1C56-4FDD-5A1D-14F80815289D,771,1
Fair value hierarchy classifies Fair-valued balance sheet recognised exchange tradable derivative liability position,DA75945B-3FE1-4CE1-31BE-32494C407F7E,565,75D95AED-E021-27CB-3EF9-57EC5823845F,4887,,Fair value hierarchy,Fair-valued balance sheet recognised exchange tradable derivative liability position,,,*,1,Y,N,None,N,9EEF3A9C-FB68-FB5C-D415-BF06BBA8ABC0,773,340FDB13-3D73-19D0-AF2B-2C3001D66BCF,766,1
Fair value hierarchy classifies Fair-valued debt security issued,DA75945B-3FE1-4CE1-31BE-32494C407F7E,565,0D56564F-4393-C7A1-E4BC-5E930965E781,4888,,Fair value hierarchy,Fair-valued debt security issued,,,*,1,Y,N,None,N,9EEF3A9C-FB68-FB5C-D415-BF06BBA8ABC0,773,EA26AC91-1C56-4FDD-5A1D-14F80815289D,771,1
Fair value hierarchy classifies Off-balance sheet item given instrument,DA75945B-3FE1-4CE1-31BE-32494C407F7E,565,46B0955B-C6C0-CD7A-82C3-01EAF95BC0DD,4889,,Fair value hierarchy,Off-balance sheet item given instrument,,,*,1,Y,N,None,N,9EEF3A9C-FB68-FB5C-D415-BF06BBA8ABC0,773,F7CE6C6C-5F4E-2BA8-B205-B1E9F0BB3D0E,1010,1
Fair value hierarchy is applied to Fair-valued balance sheet recognised exchange tradable derivative asset position(s),DA75945B-3FE1-4CE1-31BE-32494C407F7E,565,912EC7C5-04DC-7329-31C6-0F6F0484CFCD,4890,,Fair value hierarchy,Fair-valued balance sheet recognised exchange tradable derivative asset position,,,*,1,Y,N,None,N,9EEF3A9C-FB68-FB5C-D415-BF06BBA8ABC0,773,25B6E19C-6E87-1205-21A4-D2CBC0F2DA33,765,1
Fair value hierarchy is applied to Fair-valued balance sheet recognised financial asset instrument,DA75945B-3FE1-4CE1-31BE-32494C407F7E,565,2025121C-7895-5819-56D6-F68879A0154B,4891,,Fair value hierarchy,Fair-valued balance sheet recognised financial asset instrument,,,*,1,Y,N,None,N,9EEF3A9C-FB68-FB5C-D415-BF06BBA8ABC0,773,6EA2DC76-D934-31FF-0F50-9163379977FB,767,1
Fair value hierarchy is applied to Security position,DA75945B-3FE1-4CE1-31BE-32494C407F7E,565,0A8B48B9-84B4-AB73-5CAA-0568D4A805B1,4892,,Fair value hierarchy,Security position,,,*,1,Y,N,None,N,9EEF3A9C-FB68-FB5C-D415-BF06BBA8ABC0,773,04BD5AF6-0419-BD8E-C62C-2E8295D937EA,1217,1
Fair value hierarchy is classifies to Fair-valued balance sheet recognised financial liability instrument,DA75945B-3FE1-4CE1-31BE-32494C407F7E,565,131D409C-5C93-152D-EA9C-8DC710749A21,4893,,Fair value hierarchy,Fair-valued balance sheet recognised financial liability instrument,,,*,1,Y,N,None,N,9EEF3A9C-FB68-FB5C-D415-BF06BBA8ABC0,773,CD6CA4D6-73F4-227E-86A5-6945C7ACAF0B,768,1
Fair value option designation is assigned to Balance sheet recognised financial asset instrument according to International Financial Reporting Standard (IFRS),DA75945B-3FE1-4CE1-31BE-32494C407F7E,565,CC94DF74-A079-6AD0-6B08-60A37E8C511C,4894,,Fair value option designation,Balance sheet recognised financial asset instrument according to International Financial Reporting Standard (IFRS),,,*,1,Y,N,None,N,E7BC0704-8AD4-D4B1-A982-0749B3B0307D,774,7339446F-A4AD-062D-76D4-8576DD58D4C0,610,1
Fair value option designation is assigned to Long debt security position Prudential portfolio assignment Accounting classification for financial assets assignment according to International Financial Reporting Standard (IFRS),DA75945B-3FE1-4CE1-31BE-32494C407F7E,565,457F1D7F-CE5E-993B-C575-8A18EEEF53E7,4895,,Fair value option designation,Long debt security position Prudential portfolio assignment Accounting classification for financial assets assignment according to International Financial Reporting Standard (IFRS),,,*,1,Y,N,None,N,E7BC0704-8AD4-D4B1-A982-0749B3B0307D,774,27973114-F945-04A7-463F-DBD2D4D5052E,904,1
Fiduciary asset type classifies Balance sheet recognised exchange tradable derivative asset position national general accepted accounting principles (nGAAP),DA75945B-3FE1-4CE1-31BE-32494C407F7E,565,B13A8EF4-7AFB-16C7-873E-3BDC8AA41686,4896,,Fiduciary asset type,Balance sheet recognised exchange tradable derivative asset position national general accepted accounting principles (nGAAP),,,*,1,Y,N,None,N,B50A98FB-FDAE-986A-4B6B-BD575BC67B81,775,1611694B-A4DE-A526-FC85-F29979BB4F86,607,1
Fiduciary asset type classifies Balance sheet recognised financial asset instrument according to national general accepted accounting principles (nGAAP),DA75945B-3FE1-4CE1-31BE-32494C407F7E,565,A75E973A-9032-957D-F952-4866F9C945E7,4897,,Fiduciary asset type,Balance sheet recognised financial asset instrument according to national general accepted accounting principles (nGAAP),,,*,1,Y,N,None,N,B50A98FB-FDAE-986A-4B6B-BD575BC67B81,775,1E5225EA-0D2F-D1B2-6C9F-4B53FABBD3E9,611,1
Fiduciary asset type classifies Non-balance sheet recognised financial asset instrument according to national general accepted accounting principles (nGAAP),DA75945B-3FE1-4CE1-31BE-32494C407F7E,565,1DA1D55F-C9FB-1A96-41E7-4E479BCE3AB2,4898,,Fiduciary asset type,Non-balance sheet recognised financial asset instrument according to national general accepted accounting principles (nGAAP),,,*,1,Y,N,None,N,B50A98FB-FDAE-986A-4B6B-BD575BC67B81,775,108A9007-CAC9-920D-F28F-6A3935E45483,956,1
Fiduciary asset type classifies Security position national general accepted accounting principles (nGAAP),DA75945B-3FE1-4CE1-31BE-32494C407F7E,565,514BE346-38B6-3D5C-87E2-0CFA326999BC,4899,,Fiduciary asset type,Security position national general accepted accounting principles (nGAAP),,,*,1,Y,N,None,N,B50A98FB-FDAE-986A-4B6B-BD575BC67B81,775,BEB9A5C9-48EF-2983-FEC6-9C84C959E7CC,1222,1
Financial asset instrument has Financial asset instrument derived data,DA75945B-3FE1-4CE1-31BE-32494C407F7E,565,8377EA7A-9FED-837C-C6B7-7BBDC347E12E,4900,,Financial asset instrument,Financial asset instrument derived data,,,1,1,Y,N,Financial asset instrument,Y,AC25CE06-349E-2EC8-DA05-FFD6B8759432,776,6CBCC0E7-4D57-A936-5273-6A99009949C4,778,6
Financial collateral is measured by Protection valuation approach,DA75945B-3FE1-4CE1-31BE-32494C407F7E,565,66C8E41F-8AEC-003E-EC76-229DFA88011F,4901,,Protection valuation approach,Financial collateral,,,*,1,Y,N,None,N,FEAECD04-84D6-BE28-0AFB-55F1488722F9,1124,76BD9E69-EDB2-E5B0-AFCC-04A52742AC34,780,1
Financial contract gives rise to Credit facility,DA75945B-3FE1-4CE1-31BE-32494C407F7E,565,271D55CB-75CD-BA9C-E41D-324500313B65,4902,,Financial contract,Credit facility,,,*,1,Y,N,None,N,192AB5DF-213F-92A7-9CB9-66B5821AC574,781,FB69AB11-CA2F-CB73-8B7F-7D06ABB9DDE3,660,5
Financial contract gives rise to Instrument resulting directly from a Financial contract,DA75945B-3FE1-4CE1-31BE-32494C407F7E,565,EB8DC78A-A41B-EF23-EEC3-B768E0BC6505,4903,,Financial contract,Instrument resulting directly from a Financial contract,,,*,1,Y,N,None,N,192AB5DF-213F-92A7-9CB9-66B5821AC574,781,487AEAD9-70CF-5B2D-31BE-3096A7A5F583,844,5
Financial contract is involved in Master agreement(s) via Master agreement Financial contract assignment,DA75945B-3FE1-4CE1-31BE-32494C407F7E,565,8E2D6410-0AFA-761E-F58D-04E85B49FE14,4904,,Financial contract,Master agreement Financial contract assignment,,,*,1,Y,N,None,Y,192AB5DF-213F-92A7-9CB9-66B5821AC574,781,9CE97C69-237D-9D4C-6151-A292A663FBAC,936,5
Financial guarantee instrument covering a Debt security covers a Debt security via Financial guarantee instrument covering a Debt security Debt security assignment,DA75945B-3FE1-4CE1-31BE-32494C407F7E,565,D360FDB5-FC9B-DDCC-535C-B4FD02C398A6,4905,,Financial guarantee instrument covering a Debt security,Financial guarantee instrument covering a Debt security Debt security assignment,,,*,1,Y,N,None,Y,5C8A33B7-8267-345E-C831-3E1580544F35,785,7396EA3F-7D6F-426E-4EF7-9D178B684954,786,5
Financial guarantee instrument guarantees Tranche in a synthetic securitisation without securitisation special purpose entity (SSPE) being a financial guarantee,DA75945B-3FE1-4CE1-31BE-32494C407F7E,565,62BA5E1A-4BB1-906A-144B-2AD762808F75,4906,,Financial guarantee instrument,Tranche in a synthetic securitisation without securitisation special purpose entity (SSPE) being a financial guarantee,,,1,1,Y,N,Financial guarantee instrument,Y,375D085D-ACD7-8FF1-9C4C-47D9B7A404D1,783,35F14063-6EB3-9BD1-02A6-C0C77139B8DE,1289,5
Financial guarantee instrument has Beneficiary via Financial guarantee instrument Beneficiary assignment,DA75945B-3FE1-4CE1-31BE-32494C407F7E,565,3E3A5E45-ADB0-B7DA-8C60-124522A49344,4907,,Financial guarantee instrument,Financial guarantee instrument Beneficiary assignment,,,1,1,Y,N,Financial guarantee instrument,Y,375D085D-ACD7-8FF1-9C4C-47D9B7A404D1,783,516FC70D-D94E-0757-F7FD-664E20524129,784,5
Financial guarantee instrument has Protection provider via Financial guarantee instrument Protection provider assignment,DA75945B-3FE1-4CE1-31BE-32494C407F7E,565,ABCCFFE3-973F-63D8-CCD8-EB6F8E4F1183,4908,,Financial guarantee instrument,Financial guarantee instrument Protection provider assignment,,,1,1,Y,N,Financial guarantee instrument,Y,375D085D-ACD7-8FF1-9C4C-47D9B7A404D1,783,72797421-B3D6-65C0-E1DC-086E24B096E0,788,5
Financial lease has Lessee via Financial lease Lessee assignment,DA75945B-3FE1-4CE1-31BE-32494C407F7E,565,60FF8731-D2E3-1EC2-DA58-87CA171D6E69,4909,,Financial lease,Financial lease Lessee assignment,,,1,1,Y,N,Financial lease,Y,6B7DCBC7-EA62-4990-62C5-1FF7A01A7A74,789,6B53A29B-CD67-9AA5-64E9-AE999D38B0B4,790,5
Financial lease has Lessor via Financial lease Lessor assignment,DA75945B-3FE1-4CE1-31BE-32494C407F7E,565,D6E52773-A1CC-134F-9AFC-634CC7E75EF9,4910,,Financial lease,Financial lease Lessor assignment,,,1,1,Y,N,Financial lease,Y,6B7DCBC7-EA62-4990-62C5-1FF7A01A7A74,789,F99EB464-5A1C-BFA1-AF2C-6C438A3178D1,791,5
Financial liability instrument has Financial liability instrument derived data,DA75945B-3FE1-4CE1-31BE-32494C407F7E,565,B4F41EC5-EE0A-2B7C-94AC-38BEB7D81D84,4911,,Financial liability instrument,Financial liability instrument derived data,,,1,1,Y,N,Financial liability instrument,Y,B0811BE3-D363-51F6-D109-9A7C6F7D56DE,792,7568BF54-D0D7-C4AF-D8AF-6F5366B2B177,793,6
Forbearance measure granted during reference period indicator classifies Long security position derived data,DA75945B-3FE1-4CE1-31BE-32494C407F7E,565,103DFBE7-70CB-6F5E-0F92-F347DC06B682,4912,,Forbearance measure granted during reference period indicator,Long security position derived data,,,*,1,Y,Y,None,N,F7B56512-7AA6-2525-2AA2-4CA9C6D521A7,795,4580B4C6-27D9-1D6E-2463-DE8C7A594A3A,920,1
Forbearance measure type classifies Long security position,DA75945B-3FE1-4CE1-31BE-32494C407F7E,565,FE2A4C21-8414-9411-57C9-084416597BCE,4913,,Forbearance measure type,Long security position,,,*,1,Y,N,None,N,3905B5FF-E8B6-C7D2-FCB8-C18D317E3234,796,7B3D0A9C-AB52-821F-DF75-85BB031A2A5A,917,1
Forbearance measure type is applied to Credit facility risk data,DA75945B-3FE1-4CE1-31BE-32494C407F7E,565,13073395-DE8E-1860-9AA0-3B0E672345B3,4914,,Forbearance measure type,Credit facility risk data,,,*,1,Y,N,None,N,3905B5FF-E8B6-C7D2-FCB8-C18D317E3234,796,536D9BE8-895C-32C3-C6AD-50ABD7478588,667,1
Forbearance measure type is applied to Forborne off-balance sheet item given instrument,DA75945B-3FE1-4CE1-31BE-32494C407F7E,565,CC63844E-DA95-CA10-4C8F-AACD00C1228F,4915,,Forbearance measure type,Forborne off-balance sheet item given instrument,,,*,1,Y,N,None,N,3905B5FF-E8B6-C7D2-FCB8-C18D317E3234,796,1A994495-8635-2847-B74C-7B1E3FA433BD,798,1
Forbearance measure type is applied to Renegotiated financial asset instrument with forbearance measure,DA75945B-3FE1-4CE1-31BE-32494C407F7E,565,69764FE7-BC52-87D0-0909-374FDB88EFB4,4916,,Forbearance measure type,Renegotiated financial asset instrument with forbearance measure,,,*,1,Y,N,None,N,3905B5FF-E8B6-C7D2-FCB8-C18D317E3234,796,8C62256E-C754-34FA-25DD-E5EA41B6F74E,1155,1
Foreign institutional unit has Foreign branch,DA75945B-3FE1-4CE1-31BE-32494C407F7E,565,10E755E5-12F8-4CF4-1451-5F793F06BDE6,4917,,Foreign institutional unit,Foreign branch,,,*,1,Y,N,None,N,9D6DDCCA-73A7-57F6-7DC8-A0B1DAF42906,801,718CEC61-D5A5-8225-E6B6-74908DD7D59B,799,5
Fundamental review of the trading book standard approach risk measure has risk measure in Risk factor for standardised approach,DA75945B-3FE1-4CE1-31BE-32494C407F7E,565,84DFD7CD-FD65-1F6E-0177-1B4628475AD3,4918,,Risk factor for standardised approach,Fundamental review of the trading book standard approach risk measure,,,*,1,Y,N,None,N,569226D4-0B71-7630-0EE4-00E6F7A871C8,1178,D43EE6E0-75DE-52E9-8D4A-F62843894A1A,802,5
Gold collateral is in Gold collateral leg via Gold collateral leg Gold collateral assignment,DA75945B-3FE1-4CE1-31BE-32494C407F7E,565,5A47215D-7E59-4FCF-A581-F2404F13D7EA,4919,,Gold collateral,Gold collateral leg Gold collateral assignment,,,*,1,Y,N,None,Y,5461914E-A31D-FE34-D670-2777535D4252,810,B7BF00C8-CE6C-919D-AD88-10AB4AFC0C73,812,5
Gold collateral leg has assigned Gold collateral via Gold collateral leg Gold collateral assignment,DA75945B-3FE1-4CE1-31BE-32494C407F7E,565,6E61A243-7F6B-D88B-290C-C086DF0664A4,4920,,Gold collateral leg,Gold collateral leg Gold collateral assignment,,,*,1,Y,N,None,Y,0ACAFEA5-A94D-CC8A-D0A9-204E9DB056EB,811,B7BF00C8-CE6C-919D-AD88-10AB4AFC0C73,812,6
Group of clients has Key management personnel via Group of clients Key management personnel assignment,DA75945B-3FE1-4CE1-31BE-32494C407F7E,565,0E5037C1-42B9-8B60-E0E3-D24208517857,4921,,Group of clients,Group of clients Key management personnel assignment,,,*,1,Y,N,None,Y,9F1F805D-695C-CC58-C849-BC03C1FC4803,817,E8DBBDEC-3063-2C0C-6CAC-CD7AFB7E0B56,818,5
Held for sale type classifies Balance sheet recognised financial asset instrument according to International Financial Reporting Standard (IFRS),DA75945B-3FE1-4CE1-31BE-32494C407F7E,565,AC017AB0-A710-BA2F-C69F-1A3A3CF8EF6E,4922,,Held for sale type,Balance sheet recognised financial asset instrument according to International Financial Reporting Standard (IFRS),,,*,1,Y,N,None,N,B8010F03-C9C4-D0EC-E458-F061E8B3D403,821,7339446F-A4AD-062D-76D4-8576DD58D4C0,610,1
Held for sale type classifies Exchange tradable derivative position(s),DA75945B-3FE1-4CE1-31BE-32494C407F7E,565,F6558C18-8A33-DEC0-2383-3D0CC2468F76,4923,,Held for sale type,Exchange tradable derivative position,,,*,1,Y,N,None,N,B8010F03-C9C4-D0EC-E458-F061E8B3D403,821,DB0CC98E-4E09-ADBF-024E-4EF7E3FA6604,752,1
Held for sale type classifies Long debt security position Prudential portfolio assignment Accounting classification for financial assets assignment according to International Financial Reporting Standard (IFRS),DA75945B-3FE1-4CE1-31BE-32494C407F7E,565,DBDF9B7F-F552-07BC-8134-55A8A8FE12E7,4924,,Held for sale type,Long debt security position Prudential portfolio assignment Accounting classification for financial assets assignment according to International Financial Reporting Standard (IFRS),,,*,1,Y,N,None,N,B8010F03-C9C4-D0EC-E458-F061E8B3D403,821,27973114-F945-04A7-463F-DBD2D4D5052E,904,1
Held for sale type classifies Long equity or fund security position Prudential portfolio assignment Accounting classification for assets assignment according to International Financial Reporting Standard (IFRS),DA75945B-3FE1-4CE1-31BE-32494C407F7E,565,B5A711F4-134E-B7A4-448C-D003981D82CE,4925,,Held for sale type,Long equity or fund security position Prudential portfolio assignment Accounting classification for assets assignment according to International Financial Reporting Standard (IFRS),,,*,1,Y,N,None,N,B8010F03-C9C4-D0EC-E458-F061E8B3D403,821,64F7B2CC-CFDC-A993-102B-48271E58770D,909,1
Held for sale type is applied to Debt security issued (by the reporting agent),DA75945B-3FE1-4CE1-31BE-32494C407F7E,565,6AEFFDBD-B20D-6744-7F9E-C88B62A9CFAF,4926,,Held for sale type,Debt security issued (by the reporting agent),,,*,1,Y,N,None,N,B8010F03-C9C4-D0EC-E458-F061E8B3D403,821,101580C7-7A41-DBA0-F668-CA0B21D0D2A3,690,1
Held for sale type specifies Cash on hand(s),DA75945B-3FE1-4CE1-31BE-32494C407F7E,565,C1A8C2E4-7AB8-8D8E-4B2A-CBDB575D6AAE,4927,,Held for sale type,Cash on hand,,,*,1,Y,N,None,Y,B8010F03-C9C4-D0EC-E458-F061E8B3D403,821,ECF68788-373E-1D0F-3815-7A354DDD7269,620,1
Held for sale type specifies Employee benefit(s),DA75945B-3FE1-4CE1-31BE-32494C407F7E,565,CC5D9A4A-5121-7987-7604-CD3436B93C4E,4928,,Held for sale type,Employee benefit,,,*,1,Y,N,None,Y,B8010F03-C9C4-D0EC-E458-F061E8B3D403,821,7CF1A73F-A8DD-3582-9672-DB908CB20CD3,718,1
Held for sale type specifies Funds for general banking risk(s),DA75945B-3FE1-4CE1-31BE-32494C407F7E,565,CA651632-D57D-4657-B3F1-5587AE677D4E,4929,,Held for sale type,Funds for general banking risk,,,*,1,Y,N,None,Y,B8010F03-C9C4-D0EC-E458-F061E8B3D403,821,554C669B-6489-8F62-E15C-5F2AEE525A7E,807,1
Held for sale type specifies Goodwill(s),DA75945B-3FE1-4CE1-31BE-32494C407F7E,565,AAAFFFDC-31F9-0064-C8EC-8D362E54D227,4930,,Held for sale type,Goodwill,,,*,1,Y,N,None,Y,B8010F03-C9C4-D0EC-E458-F061E8B3D403,821,8184D48D-8A30-028E-8202-306D5C4FE44F,813,1
Held for sale type specifies Investment property,DA75945B-3FE1-4CE1-31BE-32494C407F7E,565,81701E26-B664-15E7-E7AF-0A6346D373F1,4931,,Held for sale type,Investment property,,,*,1,Y,N,None,Y,B8010F03-C9C4-D0EC-E458-F061E8B3D403,821,02E00201-0ACA-69C6-F56F-3B2C690AFC81,859,1
Held for sale type specifies Other intangible asset not taken into possession,DA75945B-3FE1-4CE1-31BE-32494C407F7E,565,5E7743E0-4805-DD11-4AED-566D3D2BC989,4932,,Held for sale type,Other intangible asset not taken into possession,,,*,1,Y,N,None,Y,B8010F03-C9C4-D0EC-E458-F061E8B3D403,821,4FAC9585-753F-4763-1F90-D3654BB56874,1041,1
Held for sale type specifies Other intangible asset taken into possession,DA75945B-3FE1-4CE1-31BE-32494C407F7E,565,4961ECCD-F288-5B79-EDA9-E6BFF85B97CD,4933,,Held for sale type,Other intangible asset taken into possession,,,*,1,Y,N,None,Y,B8010F03-C9C4-D0EC-E458-F061E8B3D403,821,805D616B-5BB7-EE55-F9D7-3F0C202B2069,1042,1
Held for sale type specifies Other non-financial asset not taken into possession,DA75945B-3FE1-4CE1-31BE-32494C407F7E,565,3CF1227C-2B39-02C9-F3E1-5675FCE14A65,4934,,Held for sale type,Other non-financial asset,,,*,1,Y,N,None,Y,B8010F03-C9C4-D0EC-E458-F061E8B3D403,821,51C26692-6E97-9B54-4619-F03C70980AE1,1046,1
Held for sale type specifies Other non-financial liability,DA75945B-3FE1-4CE1-31BE-32494C407F7E,565,D9BFB37B-249B-8EC9-75FA-AE400A385BAB,4935,,Held for sale type,Other non-financial liability,,,*,1,Y,N,None,Y,B8010F03-C9C4-D0EC-E458-F061E8B3D403,821,674F17E5-E381-FA0E-7EDD-2D03CB0F96B8,1050,1
Held for sale type specifies Other provision(s),DA75945B-3FE1-4CE1-31BE-32494C407F7E,565,D98AB5B9-B2E7-2DA3-8BE7-5B9DCF10855A,4936,,Held for sale type,Other provision,,,*,1,Y,N,None,Y,B8010F03-C9C4-D0EC-E458-F061E8B3D403,821,2B959858-ED66-E637-65A5-E913DF1337C3,1058,1
Held for sale type specifies Pending legal issues and tax litigation(s),DA75945B-3FE1-4CE1-31BE-32494C407F7E,565,188578A9-C14B-633C-68FB-51A9F3383A76,4937,,Held for sale type,Pending legal issues and tax litigation,,,*,1,Y,N,None,Y,B8010F03-C9C4-D0EC-E458-F061E8B3D403,821,88451CD7-108A-BDBD-CD39-83847571F4AE,1091,1
"Held for sale type specifies Property, plant and equipment not taken into possession",DA75945B-3FE1-4CE1-31BE-32494C407F7E,565,0A5F0D12-279C-262E-2143-9A684BD7E7BA,4938,,Held for sale type,"Property, plant and equipment not taken into possession",,,*,1,Y,N,None,Y,B8010F03-C9C4-D0EC-E458-F061E8B3D403,821,D686F9F6-0CDE-CEE3-9F51-1A55CA17B97A,1113,1
"Held for sale type specifies Property, plant and equipment taken into possession",DA75945B-3FE1-4CE1-31BE-32494C407F7E,565,2050A6FB-2619-79A4-8B88-2B4D5403F17C,4939,,Held for sale type,"Property, plant and equipment taken into possession",,,*,1,Y,N,None,Y,B8010F03-C9C4-D0EC-E458-F061E8B3D403,821,10A66D43-AE97-1283-BB36-783CFA5BC04C,1114,1
Held for sale type specifies Restructuring(s),DA75945B-3FE1-4CE1-31BE-32494C407F7E,565,407C5336-7ADD-4CD2-C9A1-8B3C2414437B,4940,,Held for sale type,Restructuring,,,*,1,Y,N,None,Y,B8010F03-C9C4-D0EC-E458-F061E8B3D403,821,A9749302-9B20-560F-E3E0-06A30808901D,1170,1
Held for sale type specifies Share capital repayable on demand,DA75945B-3FE1-4CE1-31BE-32494C407F7E,565,92A8AE8D-9BF2-8AAB-CDBC-3D675B3C700C,4941,,Held for sale type,Share capital repayable on demand,,,*,1,Y,N,None,Y,B8010F03-C9C4-D0EC-E458-F061E8B3D403,821,E8B7B865-D8F1-CDBD-123F-55AE7DAAEF1C,1227,1
Held for sale type specifies Tax asset(s),DA75945B-3FE1-4CE1-31BE-32494C407F7E,565,189EADB9-EEBB-66E6-FECA-69668D68542A,4942,,Held for sale type,Tax asset,,,*,1,Y,N,None,Y,B8010F03-C9C4-D0EC-E458-F061E8B3D403,821,B333CBA7-F728-D43E-8AB3-496B4C78ED81,1276,1
Held for sale type specifies Tax liability,DA75945B-3FE1-4CE1-31BE-32494C407F7E,565,8E676CA6-15AE-B04D-5A25-21A29802711C,4943,,Held for sale type,Tax liability,,,*,1,Y,N,None,Y,B8010F03-C9C4-D0EC-E458-F061E8B3D403,821,6EF4BE21-6C9F-ECE1-8AAD-4381A86750B5,1277,1
High quality liquid assets (HQLA) type classifies Deposit,DA75945B-3FE1-4CE1-31BE-32494C407F7E,565,62627C23-ADC9-9171-A68C-3F709C0E665D,4944,,High quality liquid assets (HQLA),Deposit,,,*,1,Y,N,None,N,C8AC6B92-F092-6E7B-C6B5-2A84608A550D,822,9CCB209C-1981-3086-B589-367D457CE9CD,704,1
High quality liquid assets (HQLA) type classifies Security,DA75945B-3FE1-4CE1-31BE-32494C407F7E,565,369984ED-00BA-10D8-65DC-A77F9AE7280A,4945,,High quality liquid assets (HQLA),Security,,,*,1,Y,N,None,N,C8AC6B92-F092-6E7B-C6B5-2A84608A550D,822,6B9C4C46-5617-E783-1C65-FB2BF74222E9,1190,1
Immaterial rights as collateral aggregates into Other intangible asset taken into possession via Immaterial rights as collateral Other intangible asset taken into possession assignment,DA75945B-3FE1-4CE1-31BE-32494C407F7E,565,7E0635EA-62BD-D424-1285-39D2E8EBD4E9,4946,,Immaterial rights as collateral,Immaterial rights as collateral Other intangible asset taken into possession assignment,,,*,1,Y,N,None,Y,6EECA4B7-DEBD-853D-56C9-AC4C7DEE524F,823,7A3EF11D-4BA4-40EC-339B-AC91E5D1BE37,825,5
Immaterial rights as collateral is aggregated via Immaterial rights as collateral Other intangible asset not taken into possession assignment,DA75945B-3FE1-4CE1-31BE-32494C407F7E,565,E6CD1721-B710-0F53-87F9-AB4DEC96D275,4947,,Immaterial rights as collateral,Immaterial rights as collateral Other intangible asset not taken into possession assignment,,,*,1,Y,N,None,Y,6EECA4B7-DEBD-853D-56C9-AC4C7DEE524F,823,496B633A-BDB5-AB42-B636-2C1DE0DCFE1D,824,5
Immediate parent according to AnaCredit type classifies Immediate parent enterprise assignment,DA75945B-3FE1-4CE1-31BE-32494C407F7E,565,45383391-AB8A-D378-9BC9-4EDE21175693,4948,,Immediate parent according to AnaCredit type,Immediate parent enterprise assignment,,,*,1,Y,N,None,N,82DBDADB-96D9-9309-D2DF-0E4F68E8F67C,826,72CB0826-36E0-A4B4-3525-40FB92136EC6,828,1
Immediate parent has Immediate parent enterprise undertaking via Immediate parent enterprise assignment,DA75945B-3FE1-4CE1-31BE-32494C407F7E,565,29083F77-D380-E89F-8319-D3991C15E0B3,4949,,Immediate parent enterprise,Immediate parent enterprise assignment,,,*,1,Y,N,None,Y,D0473E4F-00C4-6B39-7131-4B66FE50F91E,827,72CB0826-36E0-A4B4-3525-40FB92136EC6,828,6
Impairment assessment method is applied to Long debt security position Prudential portfolio assignment,DA75945B-3FE1-4CE1-31BE-32494C407F7E,565,79E9529C-C85E-2164-E9E0-24C20FF6CBF0,4950,,Impairment assessment method,Long debt security position Prudential portfolio assignment,,,*,1,Y,N,None,N,3851C2B6-6B8E-3041-D1CF-1B07A6D6AB41,829,3E586902-3F46-7099-0966-3CE5FA3C7A25,902,1
Impairment assessment method is applied to Long security position Prudential Portfolio assignment Accounting classification for financial assets assignment,DA75945B-3FE1-4CE1-31BE-32494C407F7E,565,C73DD99D-0A2C-063D-44F2-2F7B1F88B674,4951,,Impairment assessment method,Long security position Prudential Portfolio assignment Accounting classification for financial assets assignment,,,*,1,Y,N,None,N,3851C2B6-6B8E-3041-D1CF-1B07A6D6AB41,829,17E1B4A1-D286-0C7B-412E-060CBFE6C8A5,923,1
Impairment status classifies Credit facility,DA75945B-3FE1-4CE1-31BE-32494C407F7E,565,ECD274C5-5A31-D0C2-6927-B76C5EB40C78,4952,,Impairment status,Credit facility,,,*,1,Y,N,None,N,DFC26DEF-9D22-AE21-D2D1-BFDB52A52F50,830,FB69AB11-CA2F-CB73-8B7F-7D06ABB9DDE3,660,1
Impairment status is applied to Balance sheet recognised financial asset instrument,DA75945B-3FE1-4CE1-31BE-32494C407F7E,565,F57C9F32-6FD8-654F-58A3-9C148F90CA51,4953,,Impairment status,Balance sheet recognised financial asset instrument,,,*,1,Y,N,None,N,DFC26DEF-9D22-AE21-D2D1-BFDB52A52F50,830,D98528DD-4340-7068-DCF4-FC4EE2F41DB4,609,1
Impairment status is applied to Long debt security position Prudential portfolio assignment,DA75945B-3FE1-4CE1-31BE-32494C407F7E,565,2784EF65-8501-1638-6A7D-4DC5D78F71D4,4954,,Impairment status,Long debt security position Prudential portfolio assignment,,,*,1,Y,N,None,N,DFC26DEF-9D22-AE21-D2D1-BFDB52A52F50,830,3E586902-3F46-7099-0966-3CE5FA3C7A25,902,1
Impairment status is applied to Long security position Prudential Portfolio assignment Accounting classification for financial assets assignment,DA75945B-3FE1-4CE1-31BE-32494C407F7E,565,6FD84E59-FCD8-7460-1F3D-EC855EE2FFE4,4955,,Impairment status,Long security position Prudential Portfolio assignment Accounting classification for financial assets assignment,,,*,1,Y,N,None,N,DFC26DEF-9D22-AE21-D2D1-BFDB52A52F50,830,17E1B4A1-D286-0C7B-412E-060CBFE6C8A5,923,1
Impairment status is applied to Off-balance sheet item given instrument,DA75945B-3FE1-4CE1-31BE-32494C407F7E,565,37C0D006-BCEE-6123-02D4-469CFF0B8D93,4956,,Impairment status,Off-balance sheet item given instrument,,,*,1,Y,N,None,N,DFC26DEF-9D22-AE21-D2D1-BFDB52A52F50,830,F7CE6C6C-5F4E-2BA8-B205-B1E9F0BB3D0E,1010,1
Initial exposure class of the security is assigned to Security(ies),DA75945B-3FE1-4CE1-31BE-32494C407F7E,565,C6EA973D-0079-AAB0-0E38-58240EEEAED0,4957,,Initial exposure class of the security,Security,,,*,1,Y,N,None,N,70637144-AA58-5B9E-D616-F63106C0D375,831,6B9C4C46-5617-E783-1C65-FB2BF74222E9,1190,1
Initial impairment status is applied to Balance sheet recognised financial asset instrument(s),DA75945B-3FE1-4CE1-31BE-32494C407F7E,565,48BF81EA-7A29-4F32-EA1F-816A042CEBEE,4958,,Initial impairment status,Balance sheet recognised financial asset instrument,,,*,1,Y,N,None,N,B9B912F1-C1CA-33E0-82AE-8177B40CDA04,832,D98528DD-4340-7068-DCF4-FC4EE2F41DB4,609,1
Initial impairment status is applied to Long security position Prudential Portfolio assignment Accounting classification for financial assets assignment(s),DA75945B-3FE1-4CE1-31BE-32494C407F7E,565,D68C1826-18DF-73E7-1E02-1904D8573C05,4959,,Initial impairment status,Long security position Prudential Portfolio assignment Accounting classification for financial assets assignment,,,*,1,Y,N,None,N,B9B912F1-C1CA-33E0-82AE-8177B40CDA04,832,17E1B4A1-D286-0C7B-412E-060CBFE6C8A5,923,1
Initial impairment status is applied to Off-balance sheet item given instrument(s),DA75945B-3FE1-4CE1-31BE-32494C407F7E,565,ABFD0E65-8299-168C-2795-8DFD8CD66B37,4960,,Initial impairment status,Off-balance sheet item given instrument,,,*,1,Y,N,None,N,B9B912F1-C1CA-33E0-82AE-8177B40CDA04,832,F7CE6C6C-5F4E-2BA8-B205-B1E9F0BB3D0E,1010,1
Institutional sector according to EBA ITS classifies Party derived data,DA75945B-3FE1-4CE1-31BE-32494C407F7E,565,69A0611C-4738-3515-AB34-3952FBEA5F8A,4961,,Institutional sector,Party derived data,,,*,1,Y,N,None,N,2B5CE011-D132-E40F-D5F3-A6E781C01D11,833,C192224A-CDD2-5821-F49B-17F7CA23BC53,1083,1
Institutional sector according to SHS classifies Party derived data,DA75945B-3FE1-4CE1-31BE-32494C407F7E,565,00814F34-7BEF-8D10-BD16-6EB3AA9FF1F3,4962,,Institutional sector,Party derived data,,,*,1,Y,N,None,N,2B5CE011-D132-E40F-D5F3-A6E781C01D11,833,C192224A-CDD2-5821-F49B-17F7CA23BC53,1083,1
Institutional sector classifies Party(ies),DA75945B-3FE1-4CE1-31BE-32494C407F7E,565,99FD12CA-5E7C-2A5A-7ECB-1EE5F437AFA3,4963,,Institutional sector,Party,,,*,1,Y,N,None,N,2B5CE011-D132-E40F-D5F3-A6E781C01D11,833,68582837-AD3C-8E9C-DB5E-68322CD1DE08,1080,1
Instrument acts in Instrument role(s),DA75945B-3FE1-4CE1-31BE-32494C407F7E,565,85A01FF8-B54A-30D8-5D82-5186809741F3,4964,,Instrument,Instrument role,,,*,1,N,N,None,Y,54907B80-5ADD-5298-6AE7-54D1AC9CA6F6,835,226B02E3-A364-4829-CFBA-1E41AF016F8E,846,5
Instrument has associated Collateral given instrument via Collateral given instrument Instrument assignment,DA75945B-3FE1-4CE1-31BE-32494C407F7E,565,545250EA-22AA-6EF9-4EC6-0070091E15F8,4965,,Instrument,Collateral given instrument Instrument assignment,,,*,1,Y,N,None,Y,54907B80-5ADD-5298-6AE7-54D1AC9CA6F6,835,68FCA69A-2031-3F8A-323B-62622A36D329,636,5
Instrument is hedged by Instrument hedged by Over the counter (OTC) Derivative,DA75945B-3FE1-4CE1-31BE-32494C407F7E,565,B526125E-5941-395D-5B8C-86FCDEA1563F,4966,,Instrument,Instrument hedged by Over the counter (OTC) Derivative,,,*,1,Y,N,None,Y,54907B80-5ADD-5298-6AE7-54D1AC9CA6F6,835,EB096E17-76EB-145F-9304-28FF226AD063,841,5
Instrument is hedged via Instrument hedged by Exchange tradable derivative position,DA75945B-3FE1-4CE1-31BE-32494C407F7E,565,20D3B92F-5C1A-26E1-5ABF-5745C8A0E17C,4967,,Instrument,Instrument hedged by Exchange tradable derivative position,,,*,1,Y,N,None,Y,54907B80-5ADD-5298-6AE7-54D1AC9CA6F6,835,474EA1B1-88C5-D308-02FE-3F5149F8FFBC,840,5
Instrument is protected by Collateral received instrument(s) via Other Instrument Collateral received instrument assignment,DA75945B-3FE1-4CE1-31BE-32494C407F7E,565,E130D57F-8618-A988-4996-D38EF214496E,4968,,Instrument,Instrument Collateral received instrument assignment,,,*,1,Y,N,None,Y,54907B80-5ADD-5298-6AE7-54D1AC9CA6F6,835,970C6EF9-779C-3173-9EDB-6226A668218D,838,5
Instrument is protected by Protection arrangement(s) via Instrument Protection arrangement received assignment,DA75945B-3FE1-4CE1-31BE-32494C407F7E,565,40254AA0-2E36-DCD5-F031-4473656CCBFF,4969,,Instrument,Instrument Protection arrangement received assignment,,,*,1,Y,N,None,Y,54907B80-5ADD-5298-6AE7-54D1AC9CA6F6,835,440398C3-B369-BCF2-7C8B-0A6ED64AF366,843,5
Instrument is protection in Protection arrangement via Protection arrangement given Instrument assignment,DA75945B-3FE1-4CE1-31BE-32494C407F7E,565,542F8A7A-B5F4-5D53-08D7-83B0B81210C0,4970,,Instrument,Protection arrangement given Instrument assignment,,,*,1,Y,N,None,Y,54907B80-5ADD-5298-6AE7-54D1AC9CA6F6,835,4D6CEB5E-44BD-AF8E-4544-6AB08EFFB8D8,1119,5
Instrument is serviced by Servicer via Instrument Servicer assignment,DA75945B-3FE1-4CE1-31BE-32494C407F7E,565,0FCF1340-C668-8EDA-7B1D-AE600B57ACF1,4971,,Instrument,Instrument Servicer assignment,,,1,1,Y,N,Instrument,Y,54907B80-5ADD-5298-6AE7-54D1AC9CA6F6,835,EEC1B302-494D-4D13-FBC8-ED4D4CF46395,847,5
Interest rate reset frequency classifies Financial asset instrument,DA75945B-3FE1-4CE1-31BE-32494C407F7E,565,FBB263F7-B508-3758-3027-CB58042D773A,4972,,Interest rate reset frequency,Financial asset instrument,,,*,1,Y,N,None,N,F4F983A5-F452-8D55-EAD6-4347D7B64FBF,849,AC25CE06-349E-2EC8-DA05-FFD6B8759432,776,1
Internal group acts in Internal group role(s),DA75945B-3FE1-4CE1-31BE-32494C407F7E,565,59231D4C-8DC7-A69C-60D8-5D1BB6FD63A6,4973,,Internal group,Internal group role,,,*,1,Y,N,None,Y,6E14ED0C-FC7D-E84D-8BCC-75F75C5E8B83,852,C8365EDE-ADB5-9875-3305-70BDC333E22F,854,5
Internal group has Key management personnel via Internal group Key management personnel assignment,DA75945B-3FE1-4CE1-31BE-32494C407F7E,565,367AB9AE-E738-F3ED-4A33-FBBA5E98507B,4974,,Internal group,Internal group Key management personnel assignment,,,*,1,Y,N,None,Y,6E14ED0C-FC7D-E84D-8BCC-75F75C5E8B83,852,853B46FC-6975-44A1-10C9-8437232CACFD,853,5
Investment property aggregates Physical collateral Investment property assignment,DA75945B-3FE1-4CE1-31BE-32494C407F7E,565,0B6D5B5A-AC60-C80A-4BFD-174EA605492B,4975,,Investment property,Physical collateral Investment property assignment,,,*,1,Y,N,None,Y,02E00201-0ACA-69C6-F56F-3B2C690AFC81,859,F353EA9A-7D48-978C-4351-B1E314A7CE72,1103,7
Investor invests in Equity security that is not a security via Equity instrument that is not a security Investor assignment,DA75945B-3FE1-4CE1-31BE-32494C407F7E,565,F46153B5-ED13-F59E-EECE-9D6F775CCC49,4976,,Investor,Equity instrument that is not a security Investor assignment,,,*,1,Y,N,None,Y,9A8FAFD1-0B9D-CFB8-8E77-7A7D6A4923D6,861,5F922971-19B4-F2FA-B9EB-ADA753EAE6A3,731,6
Investor invests in Security position,DA75945B-3FE1-4CE1-31BE-32494C407F7E,565,030858AF-2BBD-D0AC-33A3-D61203FA11D2,4977,,Investor,Security position,,,*,1,Y,N,None,Y,9A8FAFD1-0B9D-CFB8-8E77-7A7D6A4923D6,861,04BD5AF6-0419-BD8E-C62C-2E8295D937EA,1217,6
Issue-based rating system has Rating grade for issue-based rating system,DA75945B-3FE1-4CE1-31BE-32494C407F7E,565,ACE2BB86-7E3C-7497-0D61-11E8C7FB254B,4978,,Issue-based rating system,Rating grade for issue-based rating system,,,*,1,N,N,None,Y,04F7FAE7-FB99-BF85-4723-377D5B2DDF1E,862,94567C38-912F-9D46-C025-C7DED12C991D,1137,2
Issuer has Credit spread risk (CSR) non-securitisation risk factor for standardised approach,DA75945B-3FE1-4CE1-31BE-32494C407F7E,565,89BD8E52-DC49-9DE4-BA63-1E11CB5FC16B,4979,,Issuer,Credit spread risk (CSR) non-securitisation risk factor for standardised approach,,,*,1,Y,N,None,N,2F2F2193-F1CB-6012-8749-1F309C44EFF5,867,227D93A5-6847-6931-172E-5B96F1EA19FE,675,6
Issuer issues Equity instrument that is not a security via Equity instrument that is not a security Issuer assignment,DA75945B-3FE1-4CE1-31BE-32494C407F7E,565,EDEEBD2F-6DE7-B2C7-34A2-81F3A28CFF19,4980,,Issuer,Equity instrument that is not a security Issuer assignment,,,*,1,Y,N,None,Y,2F2F2193-F1CB-6012-8749-1F309C44EFF5,867,E681DB13-7A71-E87E-35B0-7DFAA0510D17,732,6
Issuer issues Security or Exchange tradable derivative(s) via Security Issuer assignment,DA75945B-3FE1-4CE1-31BE-32494C407F7E,565,5889D866-5B1A-17B0-639E-A77A5BC5078E,4981,,Issuer,Security Issuer assignment,,,*,1,Y,N,None,Y,2F2F2193-F1CB-6012-8749-1F309C44EFF5,867,1C4CA59D-CEFA-7753-9A33-AF14FE5B6E7B,1211,6
"Joint venture (of the reporting agent) is part of Subsidiary, joint venture and associate via Subsidiary, joint venture and associate Joint venture assignment",DA75945B-3FE1-4CE1-31BE-32494C407F7E,565,732682CF-0429-8B8B-F514-AA891C8F62B3,4982,,Joint venture (of the reporting agent),"Subsidiary, joint venture and associate Joint venture assignment",,,1,1,Y,N,Joint venture (of the reporting agent),Y,1DB696C2-52BF-6B3E-1BDE-80833A472042,869,BA6D2D1D-432C-14EB-5EEA-919ACBD4EAC9,1263,6
Key management personnel is directly or indirectly influenced by Natural person noted in Natural person Key management personnel assignment,DA75945B-3FE1-4CE1-31BE-32494C407F7E,565,E48E98EA-F379-D21A-E7EA-060499C9A2F4,4983,,Key management personnel,Natural person Key management personnel assignment,,,*,1,Y,N,None,Y,137E3A51-9968-65E9-E657-D11FDFF6370A,870,9DA1342F-49E4-FE44-0F0B-611E4FA096B3,950,6
Key management personnel is of Group of clients via Group of clients Key management personnel assignment,DA75945B-3FE1-4CE1-31BE-32494C407F7E,565,8BE3CC39-8345-13FD-98AC-785C1E87329C,4984,,Key management personnel,Group of clients Key management personnel assignment,,,*,1,Y,N,None,Y,137E3A51-9968-65E9-E657-D11FDFF6370A,870,E8DBBDEC-3063-2C0C-6CAC-CD7AFB7E0B56,818,6
Key management personnel is of Internal group via Internal group Key management personnel assignment,DA75945B-3FE1-4CE1-31BE-32494C407F7E,565,2B49C5B7-2C82-EB8E-4385-75EFC09A32C2,4985,,Key management personnel,Internal group Key management personnel assignment,,,*,1,Y,N,None,Y,137E3A51-9968-65E9-E657-D11FDFF6370A,870,853B46FC-6975-44A1-10C9-8437232CACFD,853,6
Legal form is assigned to Central bank and private sector company,DA75945B-3FE1-4CE1-31BE-32494C407F7E,565,CC3C04F7-C9E1-D0E6-F094-92932240D602,4986,,Legal form,Central bank and private sector company,,,*,1,Y,N,None,N,9AD19B8F-1E52-155D-6A4A-BA9352837F8C,874,85956057-D0C7-8869-F90B-A6A301A3A30F,623,1
Legal person acts in Legal person role(s),DA75945B-3FE1-4CE1-31BE-32494C407F7E,565,157BBBD3-6796-30DB-4BDD-C3125B7F6545,4987,,Legal person,Legal person role,,,*,1,Y,N,None,Y,B1F895CA-E612-3482-70D5-3578E2C60A8B,875,260D3597-6DF0-6617-9ED4-9F7888A3770E,876,5
Legal person is rated by Numeric rating system(s) via Rating system applied to a Legal person,DA75945B-3FE1-4CE1-31BE-32494C407F7E,565,F870BA3F-4883-2C5A-BF1D-D398AD9026B6,4988,,Legal person,Rating system applied to a Legal person,,,*,1,Y,N,None,Y,B1F895CA-E612-3482-70D5-3578E2C60A8B,875,A6BB0BF2-2285-739D-4F21-B9133B1A362B,1143,5
Legal proceeding status is assigned to Organisation with legal proceeding,DA75945B-3FE1-4CE1-31BE-32494C407F7E,565,1F81E0FD-6DFA-9C77-4B2E-B20AF8031669,4989,,Legal proceeding status,Organisation with legal proceeding,,,*,1,Y,N,None,N,E46D4A80-E841-EBED-A266-6EDB1A6261EC,877,FC750728-2252-66F9-4A0C-3EFB362110E3,1023,1
Lender lends via Security borrowing and lending transaction Lender assignment,DA75945B-3FE1-4CE1-31BE-32494C407F7E,565,7507FAD4-CF7F-673E-68B7-CE072371A08B,4990,,Lender,Security borrowing and lending transaction Lender assignment,,,*,1,Y,N,None,Y,1B984DE5-47B6-2FFA-5446-795ADBBAA72E,878,57CED120-5863-2B99-498C-4B08261CDA41,1200,6
Lessee leases Financial lease(s) via Financial lease Lessee assignment,DA75945B-3FE1-4CE1-31BE-32494C407F7E,565,6612548F-E42E-B2B1-4105-F34D135E3C30,4991,,Lessee,Financial lease Lessee assignment,,,*,1,Y,N,None,Y,CDEF1F95-2DB5-A2E5-8116-D0FB8FD756E4,879,6B53A29B-CD67-9AA5-64E9-AE999D38B0B4,790,6
Lessor lends Financial lease(s) via Financial lease Lessor assignment,DA75945B-3FE1-4CE1-31BE-32494C407F7E,565,B056B1C1-1C21-F015-BC10-987777587C83,4992,,Lessor,Financial lease Lessor assignment,,,*,1,Y,N,None,Y,A7064EA8-E955-A4DD-271E-FEF1C41BC6FB,880,F99EB464-5A1C-BFA1-AF2C-6C438A3178D1,791,6
Linked enterprise has Linked enterprise via Linked enterprise assignment,DA75945B-3FE1-4CE1-31BE-32494C407F7E,565,F93FDDA3-4D15-6674-2AD8-2A544395AD8D,4993,,Linked enterprise,Linked enterprise assignment,,,*,1,Y,N,None,Y,AC6334B3-02A7-97A5-6E6C-9F4515568130,882,37968742-5377-688E-6FDC-0D3CEA5E7033,883,6
Listed indicator classifies Central bank and private sector company,DA75945B-3FE1-4CE1-31BE-32494C407F7E,565,E4AF024F-F0D1-E67D-387E-4F15ECE277A3,4994,,Listed indicator,Central bank and private sector company,,,*,1,Y,N,None,N,01733F90-236D-AA93-2548-A039E13CCA95,885,85956057-D0C7-8869-F90B-A6A301A3A30F,623,1
Listed indicator classifies International securities identification number (ISIN) security,DA75945B-3FE1-4CE1-31BE-32494C407F7E,565,9853E6FF-FCED-6913-A0B4-C623437A307B,4995,,Listed indicator,International securities identification number (ISIN) security,,,*,1,Y,N,None,N,01733F90-236D-AA93-2548-A039E13CCA95,885,A1658D0B-EBAD-7991-5177-2104D751D16D,857,1
Litigation status classifies Long debt security position,DA75945B-3FE1-4CE1-31BE-32494C407F7E,565,5A09BFA2-3C30-D109-9090-D3B44AA9C8EF,4996,,Litigation status,Long debt security position,,,*,1,Y,N,None,N,4CBF2BB1-6C17-FDC6-64FA-78DAA17F0D7C,886,6DF93BD6-33CC-E6A0-AC4D-C2073DEACB95,899,1
Litigation status is applied to debtor via Advance Loan debtor assignment,DA75945B-3FE1-4CE1-31BE-32494C407F7E,565,720ED1A7-B26D-D2F0-3419-539FE707B649,4997,,Litigation status,Advance Loan debtor assignment,,,*,1,Y,N,None,N,4CBF2BB1-6C17-FDC6-64FA-78DAA17F0D7C,886,C0F1425F-B6B5-0C22-F3B7-25EA275F05D3,580,1
Litigation status is applied to Loan (excluding repurchase agreement) and advance,DA75945B-3FE1-4CE1-31BE-32494C407F7E,565,43F1C7ED-2E0B-FF8F-3FDA-6232D5B295CC,4998,,Litigation status,Loan (excluding repurchase agreement) and advance,,,*,1,Y,N,None,N,4CBF2BB1-6C17-FDC6-64FA-78DAA17F0D7C,886,B6FD5D89-A17A-4780-AA57-0259F91E0630,888,1
Loan (excluding repurchase agreement) and advance Collateral received assignment might have Loan (excluding repurchase agreement) and advance Collateral received assignment derived data,DA75945B-3FE1-4CE1-31BE-32494C407F7E,565,F5F210FB-D86F-F220-5CF9-EAD859FE3955,4999,,Loan (excluding repurchase agreement) and advance Collateral received assignment,Loan (excluding repurchase agreement) and advance Collateral received assignment derived data,,,1,1,Y,N,Loan (excluding repurchase agreement) and advance Collateral received assignment,Y,ACDEC181-3399-411D-BD18-E28CCC37B7BC,891,C91C6606-3D81-6747-C4C1-A399C29C3540,892,11
Loan (excluding repurchase agreement) and advance has Loan (excluding repurchase agreement) and advance as a hedge,DA75945B-3FE1-4CE1-31BE-32494C407F7E,565,6397218F-9E80-8495-AE14-C64EC7A16511,5000,,Loan (excluding repurchase agreement) and advance,Loan (excluding repurchase agreement) and advance as a hedge,,,1,1,Y,N,Loan (excluding repurchase agreement) and advance,Y,B6FD5D89-A17A-4780-AA57-0259F91E0630,888,D249222E-C88E-947C-2B2E-F8F931CFDCCB,889,5
Loan (excluding repurchase agreement) and advance is protected by Protection item via Loan (excluding repurchase agreement) and advance Collateral given assignment,DA75945B-3FE1-4CE1-31BE-32494C407F7E,565,05AAA2E0-BE4F-E515-DF44-A6D0DE4B4836,5001,,Loan (excluding repurchase agreement) and advance,Loan (excluding repurchase agreement) and advance Collateral given assignment,,,*,1,Y,N,None,Y,B6FD5D89-A17A-4780-AA57-0259F91E0630,888,8D291C9B-E574-3FE2-9717-C2CD0EA75197,890,5
Loan (excluding repurchase agreement) and advance is protected by Protection item via Loan (excluding repurchase agreement) and advance Collateral received assignment,DA75945B-3FE1-4CE1-31BE-32494C407F7E,565,408BE0A4-4DC1-7792-D379-207BF91DFA0F,5002,,Loan (excluding repurchase agreement) and advance,Loan (excluding repurchase agreement) and advance Collateral received assignment,,,*,1,Y,N,None,Y,B6FD5D89-A17A-4780-AA57-0259F91E0630,888,ACDEC181-3399-411D-BD18-E28CCC37B7BC,891,5
Loan (excluding repurchase agreement) and advance is used as Loan and advance leg via Loan and advance leg Loan and advance assignment,DA75945B-3FE1-4CE1-31BE-32494C407F7E,565,B63A4B01-0B54-F5E5-241D-4283C645160C,5003,,Loan (excluding repurchase agreement) and advance,Loan and advance leg Loan and advance assignment,,,*,1,Y,N,None,Y,B6FD5D89-A17A-4780-AA57-0259F91E0630,888,FC219F27-9E3E-AF00-F34E-5667C5CACF8E,895,5
Loan (excluding repurchase agreement) and advance may have Loan (excluding repurchase agreement) and advance derived data,DA75945B-3FE1-4CE1-31BE-32494C407F7E,565,07FA7549-D1B6-6672-43A5-DB27C4B42724,5004,,Loan (excluding repurchase agreement) and advance,Loan (excluding repurchase agreement) and advance derived data,,,1,1,Y,N,Loan (excluding repurchase agreement) and advance,Y,B6FD5D89-A17A-4780-AA57-0259F91E0630,888,A81E4DFE-4FFE-9FAD-6247-2B99C23A78FC,893,5
Loan (excluding repurchase agreement) has Loan (excluding repurchase agreement) derived data,DA75945B-3FE1-4CE1-31BE-32494C407F7E,565,EBF0808B-B6EC-BE7C-DEA1-C5933F2C1998,5005,,Loan (excluding repurchase agreement) derived data,Loan (excluding repurchase agreement),,,1,1,N,Y,Loan (excluding repurchase agreement),Y,FAD7D90B-080B-90E8-CC31-C4C1885818FB,894,2F591A1C-DF86-8E7B-24D4-C62F809C445B,887,5
Loan (excluding repurchase agreement) is part of Asset pool Loan (excluding repurchase agreement) assignment,DA75945B-3FE1-4CE1-31BE-32494C407F7E,565,AE795EBF-2362-39DE-E33B-AA327BA29559,5006,,Loan (excluding repurchase agreement),Asset pool Loan (excluding repurchase agreement) assignment,,,*,1,Y,N,None,Y,2F591A1C-DF86-8E7B-24D4-C62F809C445B,887,2920BCAE-102A-9ABA-B91C-D4DF1E83B442,596,5
Loan debtor is debtor of Credit facility Debtor assignment,DA75945B-3FE1-4CE1-31BE-32494C407F7E,565,08CFE88E-7226-5964-8805-7F64F525B1FA,5007,,Loan debtor,Credit facility Debtor assignment,,,*,1,Y,N,None,Y,E6B39892-E3CB-659D-2ACC-E41A263E33CF,896,50876A01-97CB-9B8D-5538-DC7CCABC188B,664,6
Loan debtor is obliged to pay Advance(s) via Advance Loan debtor assignment,DA75945B-3FE1-4CE1-31BE-32494C407F7E,565,CB3711EC-C59F-6AB6-8971-86897E699C7E,5008,,Loan debtor,Advance Loan debtor assignment,,,*,1,Y,N,None,Y,E6B39892-E3CB-659D-2ACC-E41A263E33CF,896,C0F1425F-B6B5-0C22-F3B7-25EA275F05D3,580,6
Loan debtor is obliged to pay Credit card debt Loan debtor assignment,DA75945B-3FE1-4CE1-31BE-32494C407F7E,565,13BC0BF4-F414-451F-AA50-75952A74A601,5009,,Loan debtor,Credit card debt Loan debtor assignment,,,*,1,Y,N,None,Y,E6B39892-E3CB-659D-2ACC-E41A263E33CF,896,5D2B58AB-9ACF-0DE8-4224-69C85E35F560,659,6
Loan debtor is obliged to pay Other commitment(s) via Other commitment Loan debtor assignment,DA75945B-3FE1-4CE1-31BE-32494C407F7E,565,236F5AA4-297A-36A9-76BF-B43FCF1DCDAA,5010,,Loan debtor,Other commitment Loan debtor assignment,,,*,1,Y,N,None,Y,E6B39892-E3CB-659D-2ACC-E41A263E33CF,896,3E666059-20D6-278B-BF0B-76220C7DFCD9,1032,6
Loan debtor is obliged to pay Other loan(s) via Other loan Loan debtor assignment,DA75945B-3FE1-4CE1-31BE-32494C407F7E,565,AA1D7AC9-EC49-F7C3-9F9C-3714F9C9A505,5011,,Loan debtor,Other loan Loan debtor assignment,,,*,1,Y,N,None,Y,E6B39892-E3CB-659D-2ACC-E41A263E33CF,896,6380D577-E1FE-3A72-422A-F582BE319397,1045,6
Loan debtor is obliged to pay Reverse repurchase agreement loan via Reverse repurchase agreement loan Loan debtor assignment,DA75945B-3FE1-4CE1-31BE-32494C407F7E,565,2A494C9D-D607-67E1-C003-78CC53337FFA,5012,,Loan debtor,Reverse repurchase agreement loan Loan debtor assignment,,,*,1,Y,N,None,Y,E6B39892-E3CB-659D-2ACC-E41A263E33CF,896,5BD4128A-D2D0-0A0B-8F3B-737DFB7EE86A,1175,6
Loans and advances leg is assigned to Loan (exluding repurchase agreement) and advance via Loan and advance leg Loan and advance assignment,DA75945B-3FE1-4CE1-31BE-32494C407F7E,565,1DB0EC15-6E2D-4017-9A47-AB13A6FDF893,5013,,Loans and advances leg,Loan and advance leg Loan and advance assignment,,,*,1,Y,N,None,Y,4B4EAE6F-8B22-7EEA-B249-3BA558EC48A3,898,FC219F27-9E3E-AF00-F34E-5667C5CACF8E,895,6
Long debt security position has Long debt security position encumbrance derived data,DA75945B-3FE1-4CE1-31BE-32494C407F7E,565,56519D50-2016-DA9B-EAD1-9CCF69C40776,5014,,Long debt security position,Long debt security position encumbrance derived data,,,*,1,Y,N,None,Y,6DF93BD6-33CC-E6A0-AC4D-C2073DEACB95,899,07FDEF6C-D9F8-A28F-E587-8181B8913996,901,11
Long debt security position may have Long debt security position derived data,DA75945B-3FE1-4CE1-31BE-32494C407F7E,565,14852C88-D886-6BFE-5CF4-3F59B982FA45,5015,,Long debt security position,Long debt security position derived data,,,1,1,Y,N,Long debt security position,Y,6DF93BD6-33CC-E6A0-AC4D-C2073DEACB95,899,479DE3FE-780A-3BCF-AED6-7EBC388AE0DD,900,11
Long equity or fund security position has Long equity or fund security position encumbrance data,DA75945B-3FE1-4CE1-31BE-32494C407F7E,565,9D412178-D60F-9FFB-A665-102C55CB2213,5016,,Long equity or fund security position,Long equity or fund security position encumbrance data,,,*,1,Y,N,None,Y,5A408E7E-F728-0DD2-5967-BA0E1682BA7E,906,15F6114C-6309-195F-E89D-7C385E9004F0,907,11
Long non-negotiable security position Collateral received assignment has derived data in Long non-negotiable security position Collateral received assignment derived data,DA75945B-3FE1-4CE1-31BE-32494C407F7E,565,B9AD5E8C-0EDE-2577-12F4-B9D380D28C3F,5017,,Long non-negotiable security position Collateral received assignment,Long non-negotiable security position Collateral received assignment derived data,,,1,1,Y,N,Long non-negotiable security position Collateral received assignment,Y,A19587F2-EE13-306A-0074-0A19396D79CA,914,0B119041-FC24-768D-DCCD-506F89A1671B,915,17
Long non-negotiable security position has extra Long non-negotiable security position derived data,DA75945B-3FE1-4CE1-31BE-32494C407F7E,565,506546B7-58B9-9A64-C543-D0A6C1BC5C62,5018,,Long non-negotiable security position,Long non-negotiable security position derived data,,,1,1,Y,N,Long non-negotiable security position,Y,E3E28FD7-119D-7389-7DFF-5D27D6A9EFC7,913,085A9CD9-8D67-34CF-02DD-C5D1443C25C7,916,11
Long non-negotiable security position is protected by Collateral received via Long non-negotiable security position Collateral received assignment,DA75945B-3FE1-4CE1-31BE-32494C407F7E,565,C08C5BF1-A5EA-96FA-7399-2CADEAF0EA0F,5019,,Long non-negotiable security position,Long non-negotiable security position Collateral received assignment,,,*,1,Y,N,None,Y,E3E28FD7-119D-7389-7DFF-5D27D6A9EFC7,913,A19587F2-EE13-306A-0074-0A19396D79CA,914,11
Long security position has Long security position as a hedge,DA75945B-3FE1-4CE1-31BE-32494C407F7E,565,FE78BEE9-9AA8-A941-35D3-F89ACE6BB6A3,5020,,Long security position,Long security position as a hedge,,,1,1,Y,N,Long security position,Y,7B3D0A9C-AB52-821F-DF75-85BB031A2A5A,917,204CCBD3-D9AD-0EC9-ED88-7E6A00BA0415,918,11
Long security position has Long security position derived data,DA75945B-3FE1-4CE1-31BE-32494C407F7E,565,CB001710-D36C-6278-99C7-BC42180D22D2,5021,,Long security position,Long security position derived data,,,1,1,Y,N,Long security position,Y,7B3D0A9C-AB52-821F-DF75-85BB031A2A5A,917,4580B4C6-27D9-1D6E-2463-DE8C7A594A3A,920,11
Long security position is assigned to Prudential portfolio(s) via Long security position Prudential portfolio assignment,DA75945B-3FE1-4CE1-31BE-32494C407F7E,565,A6EEE4A6-F6D7-B4FE-2A80-F37CBCDE4C54,5022,,Long security position,Long security position Prudential portfolio assignment,,,*,1,Y,N,None,Y,7B3D0A9C-AB52-821F-DF75-85BB031A2A5A,917,9E620B56-8B7D-FFEE-6275-88A03A72E401,922,11
Long security position is part of Asset pool Security position assignment,DA75945B-3FE1-4CE1-31BE-32494C407F7E,565,CE0D7AC1-41D9-08E6-B7EF-E8D47C75ABEB,5023,,Long security position,Asset pool Security position assignment,,,*,1,Y,N,None,Y,7B3D0A9C-AB52-821F-DF75-85BB031A2A5A,917,FF1F6459-5BB9-5FB5-F3BC-DDDD09D628D6,598,11
Long security position is secured via Long security position Protection arrangement given assignment,DA75945B-3FE1-4CE1-31BE-32494C407F7E,565,4C9250AE-18D7-7F84-5D1E-006B901ADFDC,5024,,Long security position,Long security position Protection arrangement given assignment,,,*,1,Y,N,None,Y,7B3D0A9C-AB52-821F-DF75-85BB031A2A5A,917,799761B4-02A4-4B0E-035D-85D262004783,921,11
Long security position Prudential Portfolio assignment Accounting classification for financial assets assignment may have Long security position Prudential Portfolio assignment Accounting classification for financial assets assignment derived data,DA75945B-3FE1-4CE1-31BE-32494C407F7E,565,F1D03CE8-E498-BD89-5CA1-6ADF2BA271E8,5025,,Long security position Prudential Portfolio assignment Accounting classification for financial assets assignment,Long security position Prudential Portfolio assignment Accounting classification for financial assets assignment derived data,,,1,1,Y,N,Long security position Prudential Portfolio assignment Accounting classification for financial assets assignment,Y,17E1B4A1-D286-0C7B-412E-060CBFE6C8A5,923,9CEA1E08-F628-512F-3E1B-DD6B6B517EB1,924,13
Long security position Prudential portfolio assignment has Long security position Prudential portfolio assignment risk data,DA75945B-3FE1-4CE1-31BE-32494C407F7E,565,D294FF66-37F0-D44E-FC2C-9CFD0BA58864,5026,,Long security position Prudential portfolio assignment,Long security position Prudential portfolio assignment risk data,,,*,1,Y,N,None,Y,9E620B56-8B7D-FFEE-6275-88A03A72E401,922,C8C6BD31-7A79-C15D-93C2-C3380CA152AD,925,12
Long security position Prudential portfolio assignment is assigned to Accounting classification(s) for financial asset via Long security position Prudential Portfolio assignment Accounting classification for financial assets assignment,DA75945B-3FE1-4CE1-31BE-32494C407F7E,565,611555F5-05C7-C9AA-14A9-9C396DFD4F3A,5027,,Long security position Prudential portfolio assignment,Long security position Prudential Portfolio assignment Accounting classification for financial assets assignment,,,*,1,Y,N,None,Y,9E620B56-8B7D-FFEE-6275-88A03A72E401,922,17E1B4A1-D286-0C7B-412E-060CBFE6C8A5,923,12
Long security position Prudential portfolio assignment is hedged by Security position hedged by Over the counter (OTC) derivative,DA75945B-3FE1-4CE1-31BE-32494C407F7E,565,CB3664A0-6595-8A1D-F50C-47122EB584EA,5028,,Long security position Prudential portfolio assignment,Security position hedged by Over the counter (OTC) derivative,,,*,1,Y,N,None,Y,9E620B56-8B7D-FFEE-6275-88A03A72E401,922,8D276167-45CA-B564-B28C-7849EB0D5ADC,1220,12
Long security position Prudential portfolio assignment is hedged via Security position hedged by Exchange tradable derivative position,DA75945B-3FE1-4CE1-31BE-32494C407F7E,565,599C0CB8-2672-8ED1-D4AA-17D4FB26C9ED,5029,,Long security position Prudential portfolio assignment,Security position hedged by Exchange tradable derivative position,,,*,1,Y,N,None,Y,9E620B56-8B7D-FFEE-6275-88A03A72E401,922,D9629432-8D04-BBF6-99F1-614B21EDC17C,1219,12
Low credit risk indicator for FINREP classifies 'Debt security for international financial reporting standard (IFRS),DA75945B-3FE1-4CE1-31BE-32494C407F7E,565,9D7CC9BA-BD7E-8F83-F961-A8D4CEE2E45E,5030,,Low credit risk indicator for FINREP,Debt security for international financial reporting standard (IFRS),,,*,1,Y,N,None,N,BE89D9E6-7FB7-DC6C-4601-F70FB96AC1BD,929,F35AEE70-3C1B-9ADC-70B3-AB973B0F2D55,688,1
Low credit risk indicator for FINREP classifies Balance sheet recognised financial asset instrument according to International Financial Reporting Standard (IFRS),DA75945B-3FE1-4CE1-31BE-32494C407F7E,565,D056987D-0922-8EFB-771E-53BAEA1C9548,5031,,Low credit risk indicator for FINREP,Balance sheet recognised financial asset instrument according to International Financial Reporting Standard (IFRS),,,*,1,Y,N,None,N,BE89D9E6-7FB7-DC6C-4601-F70FB96AC1BD,929,7339446F-A4AD-062D-76D4-8576DD58D4C0,610,1
Main debtor type classifies Other loan Loan debtor assignment,DA75945B-3FE1-4CE1-31BE-32494C407F7E,565,7E6D564A-4A7B-0F83-86A9-0B14E57DB988,5032,,Main debtor type,Other loan Loan debtor assignment,,,*,1,Y,N,None,N,578A6840-994B-72BA-F2AB-5DB2888CB35C,931,6380D577-E1FE-3A72-422A-F582BE319397,1045,1
Master agreement involves Financial contract(s) via Master agreement Financial contract assignment,DA75945B-3FE1-4CE1-31BE-32494C407F7E,565,F9127A22-EC89-2C07-99E3-79B57AEA6715,5033,,Master agreement,Master agreement Financial contract assignment,,,*,1,N,N,None,Y,2F5DEDC5-7CF5-83D8-8276-BDA699A9ED5D,932,9CE97C69-237D-9D4C-6151-A292A663FBAC,936,5
Master agreement with a clearing member has Clearing member via Master agreement Clearing member assignment,DA75945B-3FE1-4CE1-31BE-32494C407F7E,565,8C13F8D1-1045-B9FC-29F8-535530ED67E6,5034,,Master agreement with a clearing member,Master agreement Clearing member assignment,,,1,1,N,N,Master agreement with a clearing member,Y,CEA176F8-37E7-6EC1-357E-79046DB5D965,940,0A27BD5C-1071-1F0B-88FF-6EA5ED8B30D8,934,5
Master agreement with a non-qualified central counterparty involves Non-qualified central counterparty via Master agreement Non-qualifying central counterparty assignment,DA75945B-3FE1-4CE1-31BE-32494C407F7E,565,6085B2DD-201C-0A78-F41B-B26520F63537,5035,,Master agreement with a non-qualified central counterparty,Master agreement Non-qualifying central counterparty assignment,,,1,1,N,N,Master agreement with a non-qualified central counterparty,Y,526F7D8A-EE8E-183A-C71A-C3264ED4CBBB,941,2E6816D0-4B0B-630F-419D-DBCBC77D5CA0,937,5
Master agreement with a qualifying central counterparty involves Qualified central counterparty via Master agreement Qualifying central counterparty assignment,DA75945B-3FE1-4CE1-31BE-32494C407F7E,565,CAF33B59-9A34-5A5E-FD28-4CB13038409B,5036,,Master agreement with a qualifying central counterparty,Master agreement Qualifying central counterparty assignment,,,1,1,N,N,Master agreement with a qualifying central counterparty,Y,80E364CD-8B4E-F8DE-3CF7-C85241346A02,942,F7187213-FE1F-C76D-69E7-A30D3979DEB0,938,5
"Measurement method classifies Property, plant and equipment taken into possession",DA75945B-3FE1-4CE1-31BE-32494C407F7E,565,96F1FA52-892B-1BD8-7A91-D4B24F3D8C66,5037,,Measurement method,"Property, plant and equipment taken into possession",,,*,1,Y,N,None,Y,4CFFDA12-4D16-FA98-6D00-9210BCCE2A56,944,10A66D43-AE97-1283-BB36-783CFA5BC04C,1114,1
Measurement method specifies Investment property not taken into possession,DA75945B-3FE1-4CE1-31BE-32494C407F7E,565,DF990FDC-09E5-B7EC-116E-4B24C74D6375,5038,,Measurement method,Investment property,,,*,1,Y,N,None,Y,4CFFDA12-4D16-FA98-6D00-9210BCCE2A56,944,02E00201-0ACA-69C6-F56F-3B2C690AFC81,859,1
Measurement method specifies Other intangible asset not taken into possession,DA75945B-3FE1-4CE1-31BE-32494C407F7E,565,04DA4D89-AF3C-9B04-77F4-37F64A787CE0,5039,,Measurement method,Other intangible asset not taken into possession,,,*,1,Y,N,None,Y,4CFFDA12-4D16-FA98-6D00-9210BCCE2A56,944,4FAC9585-753F-4763-1F90-D3654BB56874,1041,1
Measurement method specifies Other intangible asset taken into possession,DA75945B-3FE1-4CE1-31BE-32494C407F7E,565,95FE4D7E-5CE4-3A15-E181-A330B8A6F157,5040,,Measurement method,Other intangible asset taken into possession,,,*,1,Y,N,None,Y,4CFFDA12-4D16-FA98-6D00-9210BCCE2A56,944,805D616B-5BB7-EE55-F9D7-3F0C202B2069,1042,1
"Measurement method specifies Property, plant and equipment not taken into possession",DA75945B-3FE1-4CE1-31BE-32494C407F7E,565,C5277F12-ACD1-0078-BD27-D4FB0C90D0E7,5041,,Measurement method,"Property, plant and equipment not taken into possession",,,*,1,Y,N,None,Y,4CFFDA12-4D16-FA98-6D00-9210BCCE2A56,944,D686F9F6-0CDE-CEE3-9F51-1A55CA17B97A,1113,1
Model Context provides context for Risk factor for standardised approach,DA75945B-3FE1-4CE1-31BE-32494C407F7E,565,5C5FE6BB-E027-4938-BF9F-C92892E6466A,5042,,Model Context,Risk factor for standardised approach,,,*,1,Y,N,None,Y,23700D94-7BD4-B730-CE3A-BD73D77FEEAE,945,569226D4-0B71-7630-0EE4-00E6F7A871C8,1178,4
Model Context specifies 30% Fair value decrease contingent encumbrance,DA75945B-3FE1-4CE1-31BE-32494C407F7E,565,08EFEB1B-6C32-949D-7E3A-7907E9EFE1F9,5043,,Model Context,30% Fair value decrease contingent encumbrance,,,*,1,Y,N,None,Y,23700D94-7BD4-B730-CE3A-BD73D77FEEAE,945,9A2BD7F7-6D4A-3F63-D1DE-ABAA2CCB0F7E,566,4
Model Context specifies Asset pool (subject to a Securitisation and other credit transfer),DA75945B-3FE1-4CE1-31BE-32494C407F7E,565,10877A84-D5CE-0134-0EAD-164CA7BFE3E4,5044,,Model Context,Asset pool (subject to a Securitisation and other credit transfer),,,*,1,Y,N,None,Y,23700D94-7BD4-B730-CE3A-BD73D77FEEAE,945,CF3123E9-C3A5-7650-8DD2-DBE9CABA5872,591,4
Model Context specifies Balance sheet netting,DA75945B-3FE1-4CE1-31BE-32494C407F7E,565,2CD15B04-37F7-D12B-C745-F33B1E58BF7B,5045,,Model Context,Balance sheet netting,,,*,1,Y,N,None,Y,23700D94-7BD4-B730-CE3A-BD73D77FEEAE,945,23148432-A874-DA9F-FEEC-2D786093A281,603,4
Model Context specifies Cash on hand,DA75945B-3FE1-4CE1-31BE-32494C407F7E,565,7AE80271-C925-CE07-6560-551F3689C415,5046,,Model Context,Cash on hand,,,*,1,Y,N,None,Y,23700D94-7BD4-B730-CE3A-BD73D77FEEAE,945,ECF68788-373E-1D0F-3815-7A354DDD7269,620,4
Model Context specifies Collateral,DA75945B-3FE1-4CE1-31BE-32494C407F7E,565,6C523C04-885F-8E68-1CC3-FE4D31D1EE2F,5047,,Model Context,Collateral,,,*,1,Y,N,None,Y,23700D94-7BD4-B730-CE3A-BD73D77FEEAE,945,4793B60D-47B8-57C4-12B5-6BD21499308A,630,4
Model Context specifies context for Risk position (Kb) per bucket derived data,DA75945B-3FE1-4CE1-31BE-32494C407F7E,565,06FED98A-AB48-1A75-8F7D-891AEA1B8E08,5048,,Model Context,Risk position (Kb) per bucket derived data,,,*,1,Y,N,None,Y,23700D94-7BD4-B730-CE3A-BD73D77FEEAE,945,66398151-2CB1-A911-4B68-334948A9F8D0,1179,4
Model Context specifies Covered bond programme,DA75945B-3FE1-4CE1-31BE-32494C407F7E,565,8298AA13-AFCA-BD97-00C6-FB4265D2B843,5049,,Model Context,Covered bond programme,,,*,1,Y,N,None,Y,23700D94-7BD4-B730-CE3A-BD73D77FEEAE,945,459D3125-2F68-477E-EAC2-635498AA4DB0,655,4
Model Context specifies Credit facility,DA75945B-3FE1-4CE1-31BE-32494C407F7E,565,8FA83D58-F066-CD01-1642-A91C9B1AF08B,5050,,Model Context,Credit facility,,,*,1,Y,N,None,Y,23700D94-7BD4-B730-CE3A-BD73D77FEEAE,945,FB69AB11-CA2F-CB73-8B7F-7D06ABB9DDE3,660,4
Model Context specifies Credit transfer other than securitisation and covered bond programme,DA75945B-3FE1-4CE1-31BE-32494C407F7E,565,50FF032B-3E2C-2C10-9BF0-43BD71E247E9,5051,,Model Context,Credit transfer other than securitisation and covered bond programme,,,*,1,Y,N,None,Y,23700D94-7BD4-B730-CE3A-BD73D77FEEAE,945,99A8FAFD-054C-C867-FE11-69640A2ACE80,676,4
Model Context specifies Employee benefit,DA75945B-3FE1-4CE1-31BE-32494C407F7E,565,143F2912-71DD-060E-D5BF-E9CB31F76C3A,5052,,Model Context,Employee benefit,,,*,1,Y,N,None,Y,23700D94-7BD4-B730-CE3A-BD73D77FEEAE,945,7CF1A73F-A8DD-3582-9672-DB908CB20CD3,718,4
Model Context specifies Financial contract,DA75945B-3FE1-4CE1-31BE-32494C407F7E,565,F457CA5E-1B91-EDAA-7E46-4C0307479C54,5053,,Model Context,Financial contract,,,*,1,Y,N,None,Y,23700D94-7BD4-B730-CE3A-BD73D77FEEAE,945,192AB5DF-213F-92A7-9CB9-66B5821AC574,781,4
Model Context specifies Funds for general banking risk,DA75945B-3FE1-4CE1-31BE-32494C407F7E,565,7B128A19-6974-7B56-5640-F8F3E6ADF1D5,5054,,Model Context,Funds for general banking risk,,,*,1,Y,N,None,Y,23700D94-7BD4-B730-CE3A-BD73D77FEEAE,945,554C669B-6489-8F62-E15C-5F2AEE525A7E,807,4
Model Context specifies Goodwill,DA75945B-3FE1-4CE1-31BE-32494C407F7E,565,BCC17B1E-3732-DCE1-E87F-4BD43ED5AD68,5055,,Model Context,Goodwill,,,*,1,Y,N,None,Y,23700D94-7BD4-B730-CE3A-BD73D77FEEAE,945,8184D48D-8A30-028E-8202-306D5C4FE44F,813,4
Model Context specifies Group,DA75945B-3FE1-4CE1-31BE-32494C407F7E,565,F43E969C-1942-1DA8-FA9F-1DCECF9F9CF4,5056,,Model Context,Group,,,*,1,Y,N,None,Y,23700D94-7BD4-B730-CE3A-BD73D77FEEAE,945,5D3AB61C-5FEB-9C28-A5C1-D028C0DD9C02,815,4
Model Context specifies Instrument,DA75945B-3FE1-4CE1-31BE-32494C407F7E,565,E88B312D-021C-EF57-F5C1-553E0A07B68B,5057,,Model Context,Instrument,,,*,1,Y,N,None,Y,23700D94-7BD4-B730-CE3A-BD73D77FEEAE,945,54907B80-5ADD-5298-6AE7-54D1AC9CA6F6,835,4
Model Context specifies Interest rate risk hedge portfolio,DA75945B-3FE1-4CE1-31BE-32494C407F7E,565,AF6346FD-47AA-8801-61C5-99AED31BE240,5058,,Model Context,Interest rate risk hedge portfolio,,,*,1,Y,N,None,Y,23700D94-7BD4-B730-CE3A-BD73D77FEEAE,945,6492E8D9-FD91-6B31-CE87-B8CF6C5292F6,850,4
Model Context specifies Investment property,DA75945B-3FE1-4CE1-31BE-32494C407F7E,565,F96E42BA-2962-2404-071F-7BFC5718B062,5059,,Model Context,Investment property,,,*,1,Y,N,None,Y,23700D94-7BD4-B730-CE3A-BD73D77FEEAE,945,02E00201-0ACA-69C6-F56F-3B2C690AFC81,859,4
Model Context specifies Master agreement,DA75945B-3FE1-4CE1-31BE-32494C407F7E,565,E4159740-6265-9D4D-6565-2C53B9A2E951,5060,,Model Context,Master agreement,,,*,1,Y,N,None,Y,23700D94-7BD4-B730-CE3A-BD73D77FEEAE,945,2F5DEDC5-7CF5-83D8-8276-BDA699A9ED5D,932,4
Model Context specifies Other intangible asset taken into possession,DA75945B-3FE1-4CE1-31BE-32494C407F7E,565,29B50ADB-EEC6-5260-55D9-BBD5F14773E0,5061,,Model Context,Other intangible asset taken into possession,,,*,1,Y,N,None,Y,23700D94-7BD4-B730-CE3A-BD73D77FEEAE,945,805D616B-5BB7-EE55-F9D7-3F0C202B2069,1042,4
Model Context specifies Other non-financial asset not taken into possession,DA75945B-3FE1-4CE1-31BE-32494C407F7E,565,6E4F0D06-BB3F-A037-3483-415516AD70C6,5062,,Model Context,Other non-financial asset,,,*,1,Y,N,None,Y,23700D94-7BD4-B730-CE3A-BD73D77FEEAE,945,51C26692-6E97-9B54-4619-F03C70980AE1,1046,4
Model Context specifies Other non-financial liability,DA75945B-3FE1-4CE1-31BE-32494C407F7E,565,34FC9991-12E2-B068-9234-D259C4EE9BD3,5063,,Model Context,Other non-financial liability,,,*,1,Y,N,None,Y,23700D94-7BD4-B730-CE3A-BD73D77FEEAE,945,674F17E5-E381-FA0E-7EDD-2D03CB0F96B8,1050,4
Model Context specifies Other provision,DA75945B-3FE1-4CE1-31BE-32494C407F7E,565,A1339695-6DBE-2C5C-B059-59AC4040C7F4,5064,,Model Context,Other provision,,,*,1,Y,N,None,Y,23700D94-7BD4-B730-CE3A-BD73D77FEEAE,945,2B959858-ED66-E637-65A5-E913DF1337C3,1058,4
Model Context specifies Party,DA75945B-3FE1-4CE1-31BE-32494C407F7E,565,88D1C20F-0309-8AD1-490A-603A49B431D2,5065,,Model Context,Party,,,*,1,Y,N,None,Y,23700D94-7BD4-B730-CE3A-BD73D77FEEAE,945,68582837-AD3C-8E9C-DB5E-68322CD1DE08,1080,4
Model Context specifies Pending legal issues and tax litigation,DA75945B-3FE1-4CE1-31BE-32494C407F7E,565,480DD4EA-99EE-CA8C-99C2-17174F3236BF,5066,,Model Context,Pending legal issues and tax litigation,,,*,1,Y,N,None,Y,23700D94-7BD4-B730-CE3A-BD73D77FEEAE,945,88451CD7-108A-BDBD-CD39-83847571F4AE,1091,4
"Model Context specifies Property, plant and equipment not taken into possession",DA75945B-3FE1-4CE1-31BE-32494C407F7E,565,9DD231A7-B80D-30AC-CD82-2B8C4290CA23,5067,,Model Context,"Property, plant and equipment not taken into possession",,,*,1,Y,N,None,Y,23700D94-7BD4-B730-CE3A-BD73D77FEEAE,945,D686F9F6-0CDE-CEE3-9F51-1A55CA17B97A,1113,4
"Model Context specifies Property, plant and equipment taken into possession",DA75945B-3FE1-4CE1-31BE-32494C407F7E,565,ECA7D946-6121-3B39-6B2A-D7B9F892392A,5068,,Model Context,"Property, plant and equipment taken into possession",,,*,1,Y,N,None,Y,23700D94-7BD4-B730-CE3A-BD73D77FEEAE,945,10A66D43-AE97-1283-BB36-783CFA5BC04C,1114,4
Model Context specifies Protection arrangement,DA75945B-3FE1-4CE1-31BE-32494C407F7E,565,151CCCCD-6A8A-16C0-3FD9-CBE6BBE076B3,5069,,Model Context,Protection arrangement,,,*,1,Y,N,None,Y,23700D94-7BD4-B730-CE3A-BD73D77FEEAE,945,D90C681A-3D3F-0145-98F5-FCD872705D92,1115,4
Model Context specifies Restructuring,DA75945B-3FE1-4CE1-31BE-32494C407F7E,565,17666C97-DE9D-526A-904A-E419A52BD58E,5070,,Model Context,Restructuring,,,*,1,Y,N,None,Y,23700D94-7BD4-B730-CE3A-BD73D77FEEAE,945,A9749302-9B20-560F-E3E0-06A30808901D,1170,4
Model Context specifies Securitisation,DA75945B-3FE1-4CE1-31BE-32494C407F7E,565,C831828F-D9EE-ABD9-459C-100B8BDEE338,5071,,Model Context,Securitisation,,,*,1,Y,N,None,Y,23700D94-7BD4-B730-CE3A-BD73D77FEEAE,945,EC05B5FC-3397-964C-AAF0-C65C085847AA,1184,4
Model Context specifies Security and exchange tradable derivative,DA75945B-3FE1-4CE1-31BE-32494C407F7E,565,3262A231-8F14-0F1A-4155-278274C6EC68,5072,,Model Context,Security and exchange tradable derivative,,,*,1,Y,N,None,Y,23700D94-7BD4-B730-CE3A-BD73D77FEEAE,945,3EAB1EAE-8096-61A6-EEA8-6D5701B68A0D,1194,4
Model Context specifies Share capital repayable on demand,DA75945B-3FE1-4CE1-31BE-32494C407F7E,565,CDFD9189-62FB-ED5C-9E95-81963C42B879,5073,,Model Context,Share capital repayable on demand,,,*,1,Y,N,None,Y,23700D94-7BD4-B730-CE3A-BD73D77FEEAE,945,E8B7B865-D8F1-CDBD-123F-55AE7DAAEF1C,1227,4
Model Context specifies Significant currency 10% depreciation contingent encumbrance,DA75945B-3FE1-4CE1-31BE-32494C407F7E,565,A359A73C-3AC0-920D-DA43-A5166B96DEBE,5074,,Model Context,Significant currency 10% depreciation contingent encumbrance,,,*,1,Y,N,None,Y,23700D94-7BD4-B730-CE3A-BD73D77FEEAE,945,0FDCA4D8-B545-6B9A-4566-483B777FF9EE,1239,4
Model Context specifies Tax asset,DA75945B-3FE1-4CE1-31BE-32494C407F7E,565,CE139DE2-BC8D-AD81-E9D1-21B9DFA650DE,5075,,Model Context,Tax asset,,,*,1,Y,N,None,Y,23700D94-7BD4-B730-CE3A-BD73D77FEEAE,945,B333CBA7-F728-D43E-8AB3-496B4C78ED81,1276,4
Model Context specifies Tax liability,DA75945B-3FE1-4CE1-31BE-32494C407F7E,565,4126A81E-482E-ACB6-BE09-A8E94999950F,5076,,Model Context,Tax liability,,,*,1,Y,N,None,Y,23700D94-7BD4-B730-CE3A-BD73D77FEEAE,945,6EF4BE21-6C9F-ECE1-8AAD-4381A86750B5,1277,4
Multilateral development bank indicator classifies International organisation(s),DA75945B-3FE1-4CE1-31BE-32494C407F7E,565,CE3516C8-4C93-48FE-716F-E84F0AABC70A,5077,,Multilateral development bank indicator,International organisation,,,*,1,Y,N,None,N,19F7395F-0212-A01D-6324-A63C83FFF418,946,BB902D77-F0D4-07A3-B64A-103FAF25D7D2,855,1
Multiple forbearance measures in place indicator is applied to Debt security,DA75945B-3FE1-4CE1-31BE-32494C407F7E,565,B38E0B6C-4A99-2194-548C-A7E1BC864E55,5078,,Multiple forbearance measures in place indicator,Debt security,,,*,1,Y,N,None,N,934C4D97-C9CB-47B6-2368-E198A716159B,947,BE76A78F-7CDB-648D-9F71-76109033434A,684,1
Multiple forbearance measures in place indicator is applied to Renegotiated financial asset instrument with forbearance measure,DA75945B-3FE1-4CE1-31BE-32494C407F7E,565,2F99CA47-3EA1-9E13-9A93-584E0195247E,5079,,Multiple forbearance measures in place indicator,Renegotiated financial asset instrument with forbearance measure,,,*,1,Y,N,None,N,934C4D97-C9CB-47B6-2368-E198A716159B,947,8C62256E-C754-34FA-25DD-E5EA41B6F74E,1155,1
Natural person acts in Natural person group role,DA75945B-3FE1-4CE1-31BE-32494C407F7E,565,AEA7B107-C7F0-FD0D-2CA9-B63B1D2615B0,5080,,Natural person,Natural person group role,,,*,1,Y,N,None,Y,D457AA83-122D-7CA4-C95B-BF2AA279A7F7,948,10F0E765-417F-94DF-207A-9A3A4595D9FA,949,5
Natural person is influence on Key management personnel via Natural person Key management personnel assignment,DA75945B-3FE1-4CE1-31BE-32494C407F7E,565,502102C7-A45C-F2CD-1686-1B695CC92EE1,5081,,Natural person,Natural person Key management personnel assignment,,,*,1,Y,N,None,Y,D457AA83-122D-7CA4-C95B-BF2AA279A7F7,948,9DA1342F-49E4-FE44-0F0B-611E4FA096B3,950,5
Negotiable security indicator classifies International securities identification number (ISIN) security,DA75945B-3FE1-4CE1-31BE-32494C407F7E,565,B81FFFE3-A762-D522-D5F3-493CC07F33AE,5082,,Negotiable security indicator,International securities identification number (ISIN) security,,,*,1,Y,N,None,N,F4C36979-9256-5D44-6691-41C6C014775C,951,A1658D0B-EBAD-7991-5177-2104D751D16D,857,1
Non-central government rating system has Rating grade for issuer based rating system for non-central government,DA75945B-3FE1-4CE1-31BE-32494C407F7E,565,32DFDCB7-4FCC-4F14-0CF0-FF22D1365080,5083,,Non-central government rating system,Rating grade for issuer based rating system for non-central government,,,*,1,N,N,None,Y,0FB1E594-B7AE-C49A-B224-019C9CF41DFB,958,83752818-BDE0-516E-DCDD-E87ECF55FB6B,1141,2
Non-European Union member address hosts Non-European Union member party,DA75945B-3FE1-4CE1-31BE-32494C407F7E,565,C8864117-32EE-D1EA-B372-B157B00488AD,5084,,Non-European Union member address,Non-European Union member party,,,*,1,Y,N,None,N,DEDF1945-5BAB-A3F9-63F2-357C2F31661C,960,A0187449-1CDB-6009-86A7-801C1FFCCD85,962,4
Non-European Union member country has Non-European Union member postal code,DA75945B-3FE1-4CE1-31BE-32494C407F7E,565,35D3CD8F-7B0E-7775-88DE-8C056843FE28,5085,,Non-European Union member country,Non-European Union member postal code,,,*,1,Y,N,None,Y,49F7FA1D-DF81-7473-57A7-DFFE580E48D0,961,0DDBA583-C61F-29E0-0FE4-60301FFBB5FC,963,1
Non-European Union member postal code has Non-European Union member address,DA75945B-3FE1-4CE1-31BE-32494C407F7E,565,612E14D6-A64B-64A7-9303-A13C0FC838DB,5086,,Non-European Union member postal code,Non-European Union member address,,,*,1,Y,N,None,Y,0DDBA583-C61F-29E0-0FE4-60301FFBB5FC,963,DEDF1945-5BAB-A3F9-63F2-357C2F31661C,960,2
Non-International securities identification number (Non-ISIN) security has Non-International securities identification number (ISIN) security derived data,DA75945B-3FE1-4CE1-31BE-32494C407F7E,565,045264F7-C785-B9B5-6D70-6337ECE5C97E,5087,,Non-International securities identification number (Non-ISIN) security,Non-International securities identification number (ISIN) security derived data,,,1,1,N,N,Non-International securities identification number (Non-ISIN) security,Y,364979F8-03E0-D25A-2EA7-B61578D6C41C,978,5DB0BC18-2996-D0E0-8EDB-309FF8F72692,977,5
Non-performing exit criteria met indicator is applied to Default financial asset instrument individually assessed,DA75945B-3FE1-4CE1-31BE-32494C407F7E,565,12B407A3-1028-C351-DE1A-E5798F9014AE,5088,,Non-performing exit criteria met indicator,Default financial asset instrument individually assessed,,,*,1,Y,N,None,N,715F0BA1-5931-E463-8506-E5D628EEE9C4,981,DA151DC7-7B94-A55E-0D48-C21F53769CFF,699,1
Non-performing exit criteria met indicator is applied to Non-performing debt security,DA75945B-3FE1-4CE1-31BE-32494C407F7E,565,2DE63ED3-3488-6730-E399-D078324C0E9C,5089,,Non-performing exit criteria met indicator,Non-performing debt security,,,*,1,Y,N,None,N,715F0BA1-5931-E463-8506-E5D628EEE9C4,981,A4855C66-FDB4-306A-0F2B-44BAB9ADC2A5,980,1
Non-performing exit criteria met indicator is applied to Non-performing financial asset instrument debtor assessed,DA75945B-3FE1-4CE1-31BE-32494C407F7E,565,435E4EF5-71BB-6F9B-BD31-91C45329FE5F,5090,,Non-performing exit criteria met indicator,Non-performing financial asset instrument debtor assessed,,,*,1,Y,N,None,N,715F0BA1-5931-E463-8506-E5D628EEE9C4,981,39EA12A6-5E06-D3B8-1CCD-42401743A67E,983,1
Non-performing exit criteria met indicator is applied to Non-performing non-default financial asset instrument individually assessed,DA75945B-3FE1-4CE1-31BE-32494C407F7E,565,CA4724A8-BA96-038B-A7D6-82E560773813,5091,,Non-performing exit criteria met indicator,Non-performing non-default financial asset instrument individually assessed,,,*,1,Y,N,None,N,715F0BA1-5931-E463-8506-E5D628EEE9C4,981,3AE66124-33B1-36CC-85B9-58CF219A5B15,984,1
Non-performing exit criteria met indicator is applied to Non-performing non-retail exposure class financial asset instrument,DA75945B-3FE1-4CE1-31BE-32494C407F7E,565,9B1855EB-3E65-9789-FAF4-58F37E1A4E6F,5092,,Non-performing exit criteria met indicator,Non-performing non-retail exposure class financial asset instrument,,,*,1,Y,N,None,N,715F0BA1-5931-E463-8506-E5D628EEE9C4,981,779C3E16-8622-5CF9-0F7F-038A39CD74BA,985,1
Non-performing exposure performing status reason classifies Non-performing debt security,DA75945B-3FE1-4CE1-31BE-32494C407F7E,565,0E19BC10-F81A-BED0-3E02-A091E9A061AF,5093,,Non-performing exposure performing status reason,Non-performing debt security,,,*,1,Y,N,None,N,E8C92492-F7F8-ED91-BD56-72AE72F3CDE5,982,A4855C66-FDB4-306A-0F2B-44BAB9ADC2A5,980,1
Non-performing prior to forbearance type classifies Credit facility risk data,DA75945B-3FE1-4CE1-31BE-32494C407F7E,565,759692F6-8CC2-EC90-D20A-02CC52B1FD2D,5094,,Non-performing prior to forbearance type,Credit facility risk data,,,*,1,Y,N,None,N,A0F486F9-AE6B-CB81-CCAB-A0129196A81A,986,536D9BE8-895C-32C3-C6AD-50ABD7478588,667,1
Non-performing prior to forbearance type classifies Debt security issued (by the reporting agent),DA75945B-3FE1-4CE1-31BE-32494C407F7E,565,04AC7817-0FAD-0AA7-C13C-38501096D85B,5095,,Non-performing prior to forbearance type,Debt security issued (by the reporting agent),,,*,1,Y,N,None,N,A0F486F9-AE6B-CB81-CCAB-A0129196A81A,986,101580C7-7A41-DBA0-F668-CA0B21D0D2A3,690,1
Non-performing prior to forbearance type classifies Default financial asset instrument individually assessed,DA75945B-3FE1-4CE1-31BE-32494C407F7E,565,531B7782-ECE4-0FDE-AEB7-FB511660AE0A,5096,,Non-performing prior to forbearance type,Default financial asset instrument individually assessed,,,*,1,Y,N,None,N,A0F486F9-AE6B-CB81-CCAB-A0129196A81A,986,DA151DC7-7B94-A55E-0D48-C21F53769CFF,699,1
Non-performing prior to forbearance type classifies Long security position Prudential portfolio assignment,DA75945B-3FE1-4CE1-31BE-32494C407F7E,565,417755EF-0740-D04A-8301-0DADAE7C47CC,5097,,Non-performing prior to forbearance type,Long security position Prudential portfolio assignment,,,*,1,Y,N,None,N,A0F486F9-AE6B-CB81-CCAB-A0129196A81A,986,9E620B56-8B7D-FFEE-6275-88A03A72E401,922,1
Non-performing prior to forbearance type classifies Non-performing financial asset instrument debtor assessed,DA75945B-3FE1-4CE1-31BE-32494C407F7E,565,CE430DCB-1B5B-DFEF-91F9-6C8845033173,5098,,Non-performing prior to forbearance type,Non-performing financial asset instrument debtor assessed,,,*,1,Y,N,None,N,A0F486F9-AE6B-CB81-CCAB-A0129196A81A,986,39EA12A6-5E06-D3B8-1CCD-42401743A67E,983,1
Non-performing prior to forbearance type classifies Non-performing non-default financial asset instrument individually assessed,DA75945B-3FE1-4CE1-31BE-32494C407F7E,565,ED91B7DD-E80E-22DB-C7EB-B70FCEF5F2A9,5099,,Non-performing prior to forbearance type,Non-performing non-default financial asset instrument individually assessed,,,*,1,Y,N,None,N,A0F486F9-AE6B-CB81-CCAB-A0129196A81A,986,3AE66124-33B1-36CC-85B9-58CF219A5B15,984,1
Non-performing prior to forbearance type classifies Non-performing non-retail exposure class financial asset instrument,DA75945B-3FE1-4CE1-31BE-32494C407F7E,565,20B7C3FB-FB7A-ECC0-7DEC-6E30CCE2B0CA,5100,,Non-performing prior to forbearance type,Non-performing non-retail exposure class financial asset instrument,,,*,1,Y,N,None,N,A0F486F9-AE6B-CB81-CCAB-A0129196A81A,986,779C3E16-8622-5CF9-0F7F-038A39CD74BA,985,1
Non-qualifying central counterparty is involved in Master agreement(s) with non-qualifying central counterparty via Master agreement Non-qualifying central counterparty assignment,DA75945B-3FE1-4CE1-31BE-32494C407F7E,565,F1901031-CEC6-D990-A472-762823996FF2,5101,,Non-qualifying central counterparty,Master agreement Non-qualifying central counterparty assignment,,,*,1,Y,N,None,Y,F39F110F-608B-E7F4-591A-DCEE8C23A321,988,2E6816D0-4B0B-630F-419D-DBCBC77D5CA0,937,6
Non-registered collateral is measured by Protection valuation approach,DA75945B-3FE1-4CE1-31BE-32494C407F7E,565,D2395DC7-47C1-6182-9502-FE16996C139C,5102,,Protection valuation approach,Non-registered collateral,,,*,1,Y,N,None,N,FEAECD04-84D6-BE28-0AFB-55F1488722F9,1124,A049E34D-5437-68E5-AFF6-D11FE83B68FF,989,1
Non-registered Postal Code system country has No registered Postal Code system address,DA75945B-3FE1-4CE1-31BE-32494C407F7E,565,5F9A789C-CD13-D700-F945-FF0AC65BAF95,5103,,Non-registered Postal Code system country,No registered Postal Code system address,,,*,1,Y,N,None,Y,38F62856-4F46-505C-1193-B734E18C46AF,990,FFEDC4BB-0EF3-35C2-125C-E6221DB500B6,1000,1
Non-reporting member state is location of Real estate collateral not located in a member state,DA75945B-3FE1-4CE1-31BE-32494C407F7E,565,65397094-1C5F-FE8F-3070-06FA9439EF5A,5104,,Non-reporting member state,Real estate collateral not located in a member state,,,*,1,Y,N,None,N,F51E7560-FD23-1D51-4E22-B07D4344D1F3,992,9665621A-9D57-F644-B1B1-17415462947A,1146,1
Non-Single Supervisory Mechanism member postal code is location of Real estate collateral located in a member state,DA75945B-3FE1-4CE1-31BE-32494C407F7E,565,75A123C8-63DA-E931-412B-C93E60035587,5105,,Non-Single Supervisory Mechanism member postal code,Real estate collateral located in a member state,,,*,1,Y,N,None,N,D5BEBF05-FB03-6E5E-F092-4C6F7538CB5E,996,9A33EBEF-B597-8677-29D2-6EE7D9818987,1145,3
"Non-software property, plant and equipment not taken into possession consists of Physical collateral via Physical collateral Non-software property, plant and equipment not taken into possession assignment",DA75945B-3FE1-4CE1-31BE-32494C407F7E,565,6E0D731C-3A30-BC61-34BA-C92BEF1412BD,5106,,"Non-software property, plant and equipment not taken into possession","Physical collateral Non-software property, plant and equipment not taken into possession assignment",,,*,1,Y,N,None,Y,627EADC6-49CB-7765-E0FC-0A6D3EF7E2D6,997,8B1A7B3A-1967-25BB-7FF4-A7A4C928BF69,1104,8
"Non-software property, plant and equipment taken into possession aggregates physical collateral via Physical collateral Non-software property, plant and equipment taken into possession assignment",DA75945B-3FE1-4CE1-31BE-32494C407F7E,565,AB8AE847-1896-800E-2EDA-1785E1C01E56,5107,,"Non-software property, plant and equipment taken into possession","Physical collateral Non-software property, plant and equipment taken into possession assignment",,,*,1,Y,N,None,Y,9D2BE525-2A85-817B-C6B5-4FF3F2751E08,998,B57DF068-DDD5-691E-85B5-F18970E501EF,1105,10
No registered Postal Code system address hosts No registered Postal Code system party,DA75945B-3FE1-4CE1-31BE-32494C407F7E,565,18462D82-9EF3-52B0-5443-12085806B718,5108,,No registered Postal Code system address,No registered Postal Code system party,,,*,1,Y,N,None,N,FFEDC4BB-0EF3-35C2-125C-E6221DB500B6,1000,6FB4196B-0F5B-358F-DF75-091BAFE793DC,1001,3
Numeric rating system is applied to Legal person(s) via Rating system applied to a Legal person,DA75945B-3FE1-4CE1-31BE-32494C407F7E,565,67A9C8AC-BC21-CB50-2F8A-5BE8A2E01D15,5109,,Numeric rating system,Rating system applied to a Legal person,,,*,1,N,N,None,Y,2187F485-366D-5BF2-B361-5D07B5117237,1006,A6BB0BF2-2285-739D-4F21-B9133B1A362B,1143,2
Off-balance instrument has assigned Collateral received via Off-balance instrument Collateral received assignment,DA75945B-3FE1-4CE1-31BE-32494C407F7E,565,4170FC3D-E925-8D3C-9667-3F56D91CA6EA,5110,,Off-balance instrument,Off-balance instrument Collateral received assignment,,,*,1,Y,N,None,Y,0BA391DF-4546-E207-BED7-A5437CCDDFE7,1007,FEF00C66-CC8A-B061-1495-16AA9FB628D7,1009,5
Off-balance instrument is protected by Protection item via Off-balance instrument Collateral given assignment,DA75945B-3FE1-4CE1-31BE-32494C407F7E,565,9D708814-AFC4-18AF-055A-E9A5400F777E,5111,,Off-balance instrument,Off-balance instrument Collateral given assignment,,,*,1,Y,N,None,Y,0BA391DF-4546-E207-BED7-A5437CCDDFE7,1007,838313BF-5398-7A18-08C7-3D12F4E8FE2C,1008,5
Off-balance sheet item given instrument may have Off-balance sheet item given instrument derived data,DA75945B-3FE1-4CE1-31BE-32494C407F7E,565,365628B6-B13E-792B-8D75-63894D513A0C,5112,,Off-balance sheet item given instrument,Off-balance sheet item given instrument derived data,,,1,1,Y,N,Off-balance sheet item given instrument,Y,F7CE6C6C-5F4E-2BA8-B205-B1E9F0BB3D0E,1010,41AF9BCF-3A30-E769-02F3-A0FD1ACDC86E,1011,6
Off-balance sheet item received instrument has Off-balance sheet item received instrument derived data,DA75945B-3FE1-4CE1-31BE-32494C407F7E,565,EC6D75AA-7F98-6644-208A-9483A84CF7D3,5113,,Off-balance sheet item received instrument,Off-balance sheet item received instrument derived data,,,1,1,Y,N,Off-balance sheet item received instrument,Y,E294C734-9622-7DB5-5FF2-894CA739F838,1012,B67CAB48-32AE-0CBD-CB56-35F9749D4C51,1013,6
Organisation acts in Organisation role,DA75945B-3FE1-4CE1-31BE-32494C407F7E,565,66658E6D-535C-BE86-3854-9DF0BA6FBB96,5114,,Organisation,Organisation role,,,*,1,Y,N,None,Y,36F4F142-0055-6B37-EB1E-64DFB173402F,1019,4D6F8025-26D8-3963-1AF2-B9D0C5B77B54,1022,5
Organisation comprises Organisational unit(s),DA75945B-3FE1-4CE1-31BE-32494C407F7E,565,386F89F4-6AEC-DA68-DB61-D84078148AFB,5115,,Organisation,Organisational unit,,,*,1,Y,N,None,N,36F4F142-0055-6B37-EB1E-64DFB173402F,1019,BBE9E655-D7FE-9699-EE8A-796E13407C83,1020,5
Organisation has Organisation risk data,DA75945B-3FE1-4CE1-31BE-32494C407F7E,565,D0AC7850-F873-ECF4-BFD0-BED5F9E4BBE7,5116,,Organisation,Organisation risk data,,,1,1,Y,N,Organisation,Y,36F4F142-0055-6B37-EB1E-64DFB173402F,1019,738EC625-A767-BF44-F3AB-E6042E942CD2,1021,5
Organisation is ultimate parent of Organisation(s),DA75945B-3FE1-4CE1-31BE-32494C407F7E,565,B0EB9733-6B90-BA77-390B-1EC67ADE9E76,5117,,Organisation,Organisation,,,*,1,Y,N,None,N,36F4F142-0055-6B37-EB1E-64DFB173402F,1019,36F4F142-0055-6B37-EB1E-64DFB173402F,1019,0
Original maturity is assigned to Non-International securities identification number (ISIN) security derived data,DA75945B-3FE1-4CE1-31BE-32494C407F7E,565,FD212FAA-6AF0-6145-58CE-FC6FE24B26E4,5118,,Original maturity,Non-International securities identification number (ISIN) security derived data,,,*,1,Y,N,None,N,00524A82-3A00-3576-881B-20DAD4F9EEEA,1026,5DB0BC18-2996-D0E0-8EDB-309FF8F72692,977,1
Other commitment has Creditor via Other commitment Creditor assignment,DA75945B-3FE1-4CE1-31BE-32494C407F7E,565,2CA7CD8E-466B-DE68-7215-CC77A17855CC,5119,,Other commitment,Other commitment Creditor assignment,,,1,1,Y,N,Other commitment,Y,700D7AEA-9B3A-9580-C857-84608872F5AE,1030,BC34A942-50AA-98C4-D237-EEE6BD494811,1031,5
Other commitment has Debtor via Other commitment Loan debtor assignment,DA75945B-3FE1-4CE1-31BE-32494C407F7E,565,2E1946DE-268E-ED89-E62D-BC0A02E5BE1B,5120,,Other commitment,Other commitment Loan debtor assignment,,,1,1,Y,N,Other commitment,Y,700D7AEA-9B3A-9580-C857-84608872F5AE,1030,3E666059-20D6-278B-BF0B-76220C7DFCD9,1032,5
Other commodity collateral is measured by Protection valuation approach,DA75945B-3FE1-4CE1-31BE-32494C407F7E,565,78C24647-FBCA-A8FF-FD58-DAEBC01EED27,5121,,Protection valuation approach,Other commodity collateral,,,*,1,Y,N,None,N,FEAECD04-84D6-BE28-0AFB-55F1488722F9,1124,DF76AB91-9970-0D60-B03D-0699B167A21A,1033,1
Other financial collateral is measured by Protection valuation approach,DA75945B-3FE1-4CE1-31BE-32494C407F7E,565,7478E2F1-6946-1BA9-24BB-AF2DFD3DACD0,5122,,Protection valuation approach,Other financial collateral,,,*,1,Y,N,None,N,FEAECD04-84D6-BE28-0AFB-55F1488722F9,1124,B5BDC420-D632-2A71-7146-D3E1182D3A7D,1036,1
Other intangible asset not taken into possession aggregates Immaterial rights as collateral via Immaterial rights as collateral Other intangible asset not taken into possession assignment,DA75945B-3FE1-4CE1-31BE-32494C407F7E,565,87DDAAF2-69A4-6E1B-212F-4B7A92D13E50,5123,,Other intangible asset not taken into possession,Immaterial rights as collateral Other intangible asset not taken into possession assignment,,,*,1,Y,N,None,Y,4FAC9585-753F-4763-1F90-D3654BB56874,1041,496B633A-BDB5-AB42-B636-2C1DE0DCFE1D,824,9
Other intangible asset taken into possession is aggregated from Immaterial rights as collateral Other intangible asset taken into possession assignment,DA75945B-3FE1-4CE1-31BE-32494C407F7E,565,A26F3BB1-306F-2B21-79E9-D35595C33351,5124,,Other intangible asset taken into possession,Immaterial rights as collateral Other intangible asset taken into possession assignment,,,*,1,Y,N,None,Y,805D616B-5BB7-EE55-F9D7-3F0C202B2069,1042,7A3EF11D-4BA4-40EC-339B-AC91E5D1BE37,825,10
Other loan has Creditor via Other loan Creditor assignment,DA75945B-3FE1-4CE1-31BE-32494C407F7E,565,9CAB6B73-9563-9FBB-EA68-98C492BA648C,5125,,Other loan,Other loan Creditor assignment,,,*,1,Y,N,Other loan,Y,95FE2BF1-A996-11A5-9B86-89B3225AD688,1043,053AAD2F-0FEA-D5AE-2459-FE9EBEB05DEF,1044,5
Other loan has Debtor(s) via Other loan Loan debtor assignment,DA75945B-3FE1-4CE1-31BE-32494C407F7E,565,1A426EF4-C22F-1A86-5303-E01D3CB9586D,5126,,Other loan,Other loan Loan debtor assignment,,,*,1,Y,N,None,Y,95FE2BF1-A996-11A5-9B86-89B3225AD688,1043,6380D577-E1FE-3A72-422A-F582BE319397,1045,5
Other non-registered collateral is measured by Protection valuation approach,DA75945B-3FE1-4CE1-31BE-32494C407F7E,565,2A612B48-65EC-0FC9-E20D-FB1CC29B0078,5127,,Protection valuation approach,Other non-registered collateral,,,*,1,Y,N,None,N,FEAECD04-84D6-BE28-0AFB-55F1488722F9,1124,055BC8D9-2CAD-DC47-E8EC-AD1F5A52D649,1051,1
Other party code has Other party identifier,DA75945B-3FE1-4CE1-31BE-32494C407F7E,565,F1D2ACC5-79CD-0769-36D6-5EB2DB8FFDD9,5128,,Other party code,Other party identifier,,,*,1,Y,N,None,Y,C215FAAD-63BC-6BE6-343B-2D27F432181E,1056,8AD96025-FA8C-6214-F256-9D3EF1E912F7,1057,6
Over the counter (OTC) Credit default swap is used in Over the counter (OTC) Credit default swap Collateral received instrument assignment,DA75945B-3FE1-4CE1-31BE-32494C407F7E,565,7B981BE4-3C59-1323-5414-A695C34795C6,5129,,Over the counter (OTC) Credit default swap,Over the counter (OTC) Credit default swap Collateral received instrument assignment,,,*,1,Y,N,None,Y,546144B0-BA9C-C1D6-3034-25766A1FFE46,1061,CCEA8329-7410-42D1-3EB7-F85A1E904071,1062,5
Over the counter (OTC) Credit default swap received as collateral instrument is assigned to a CDS via Over the counter (OTC) Credit default swap Collateral received instrument assignment,DA75945B-3FE1-4CE1-31BE-32494C407F7E,565,8EF7A110-769B-48E9-6303-AADB30E29F90,5130,,Over the counter (OTC) Credit default swap received as collateral instrument,Over the counter (OTC) Credit default swap Collateral received instrument assignment,,,*,1,Y,N,None,Y,16E4F9C2-3F14-D9AE-DE46-5DAE4AEFC380,1063,CCEA8329-7410-42D1-3EB7-F85A1E904071,1062,6
Over the counter (OTC) Derivative as a hedge hedges Instrument hedged by Over the counter (OTC) Derivative,DA75945B-3FE1-4CE1-31BE-32494C407F7E,565,DF3B7F67-DD6E-FEB7-5F06-35C098897302,5131,,Over the counter (OTC) Derivative as a hedge,Instrument hedged by Over the counter (OTC) Derivative,,,*,1,Y,N,None,Y,EE7AABF7-53FD-1A4B-D940-7E228C87F604,1065,EB096E17-76EB-145F-9304-28FF226AD063,841,5
Over the counter (OTC) Derivative as a hedge hedges Security position hedged by Over the counter (OTC) derivative,DA75945B-3FE1-4CE1-31BE-32494C407F7E,565,C4E13389-745E-83AC-904E-42B3FF543CB6,5132,,Over the counter (OTC) Derivative as a hedge,Security position hedged by Over the counter (OTC) derivative,,,*,1,Y,N,None,Y,EE7AABF7-53FD-1A4B-D940-7E228C87F604,1065,8D276167-45CA-B564-B28C-7849EB0D5ADC,1220,5
Over the counter (OTC) Derivative instrument comprises Tranche in a synthetic securitisation without securitisation special purpose entity (SSPE) being a financial guarantee via Over the counter (OTC) Derivative instrument Synthetic securitisation assignment,DA75945B-3FE1-4CE1-31BE-32494C407F7E,565,4EC43994-59BB-0C1B-D7FB-0602AB5657A8,5133,,Over the counter (OTC) Derivative instrument,Over the counter (OTC) Derivative instrument Synthetic securitisation assignment,,,*,1,Y,N,None,Y,9665198A-8A15-BE5A-E137-9B7F66788D28,1069,A2E89941-923C-5ECC-0300-D9EA03F91C87,1071,5
Over the counter (OTC) Derivative instrument has Buyer via Over the counter (OTC) Derivative Buyer assignment,DA75945B-3FE1-4CE1-31BE-32494C407F7E,565,878D647B-8F41-DE3D-1B02-4201FEEA802E,5134,,Over the counter (OTC) Derivative instrument,Over the counter (OTC) Derivative Buyer assignment,,,1,1,Y,N,Over the counter (OTC) Derivative instrument,Y,9665198A-8A15-BE5A-E137-9B7F66788D28,1069,583A4DA9-99D9-9833-36BF-F8B8BE874981,1068,5
Over the counter (OTC) Derivative instrument has by Over the counter (OTC) Derivative instrument derived data,DA75945B-3FE1-4CE1-31BE-32494C407F7E,565,E346C38E-355D-7D87-2FA5-811B5A1AAA3E,5135,,Over the counter (OTC) Derivative instrument,Over the counter (OTC) Derivative instrument derived data,,,1,1,Y,N,Over the counter (OTC) Derivative instrument,Y,9665198A-8A15-BE5A-E137-9B7F66788D28,1069,D52BDE35-739E-E9E5-F498-A36863523A47,1070,5
Over the counter (OTC) Derivative instrument has Over the counter (OTC) Derivative as a hedge,DA75945B-3FE1-4CE1-31BE-32494C407F7E,565,53FC488B-8E58-D189-08B0-EEE9C2BB9F71,5136,,Over the counter (OTC) Derivative instrument,Over the counter (OTC) Derivative as a hedge,,,*,1,Y,N,None,Y,9665198A-8A15-BE5A-E137-9B7F66788D28,1069,EE7AABF7-53FD-1A4B-D940-7E228C87F604,1065,5
Over the counter (OTC) Derivative instrument has Seller via Over the counter (OTC) Derivative Seller assignment,DA75945B-3FE1-4CE1-31BE-32494C407F7E,565,28ABF5E8-5363-CD9E-5ABE-CAD7C98AD0A9,5137,,Over the counter (OTC) Derivative instrument,Over the counter (OTC) Derivative Seller assignment,,,1,1,Y,N,Over the counter (OTC) Derivative instrument,Y,9665198A-8A15-BE5A-E137-9B7F66788D28,1069,4A9F068E-F902-F6BE-AA04-016FC19D16AC,1072,5
Over the counter (OTC) Derivative instrument is part of Asset pool Over the counter (OTC) Derivative instrument assignment,DA75945B-3FE1-4CE1-31BE-32494C407F7E,565,57B7BBC6-8A3B-3FDA-D026-AA996E97DC76,5138,,Over the counter (OTC) Derivative instrument,Asset pool Over the counter (OTC) Derivative instrument assignment,,,*,1,Y,N,None,Y,9665198A-8A15-BE5A-E137-9B7F66788D28,1069,BC33E184-994C-E565-57F3-4A7572B38D53,597,5
Over the counter (OTC) Derivative instrument specifies Fundamental review of the trading book standard approach risk measure for OTC positions,DA75945B-3FE1-4CE1-31BE-32494C407F7E,565,850EF420-23A9-19F5-F6C0-43EBC06B8A50,5139,,Over the counter (OTC) Derivative instrument,Fundamental review of the trading book standard approach risk measure for OTC positions,,,*,1,Y,N,None,Y,9665198A-8A15-BE5A-E137-9B7F66788D28,1069,53C569B3-159D-54EB-E597-D42F8718538C,804,5
Partner enterprise assignment has Partner enterprise,DA75945B-3FE1-4CE1-31BE-32494C407F7E,565,6D3C9670-6373-2091-1A34-D925267C49FC,5140,,Partner enterprise,Partner enterprise assignment,,,*,1,Y,N,None,Y,A4A8E2EF-3BC7-A093-1A60-939500CB66EC,1078,8612644A-423D-E808-F058-A7534601A9DC,1079,6
Party acts in Party role,DA75945B-3FE1-4CE1-31BE-32494C407F7E,565,709A2FC3-67F6-DF41-54A3-A3C7B3AFC030,5141,,Party,Party role,,,*,1,Y,N,None,Y,68582837-AD3C-8E9C-DB5E-68322CD1DE08,1080,874B5668-704D-E089-1B04-719A14DFD772,1087,5
Party code identifier identifies Other party code(s),DA75945B-3FE1-4CE1-31BE-32494C407F7E,565,3F6C05B3-3A76-82FB-038B-5473D49B95DF,5142,,Party code identifier,Party code,,,*,1,Y,N,None,Y,A816876C-EAA0-EA7B-6A29-3AD30881EC12,1082,642848DB-04A6-3CA0-D593-B955695B285F,1081,1
Party has Other Party code,DA75945B-3FE1-4CE1-31BE-32494C407F7E,565,10B5FD6C-8683-6246-144C-FF5D3B6A2357,5143,,Party,Party code,,,*,1,Y,N,None,Y,68582837-AD3C-8E9C-DB5E-68322CD1DE08,1080,642848DB-04A6-3CA0-D593-B955695B285F,1081,5
Party has Party derived data,DA75945B-3FE1-4CE1-31BE-32494C407F7E,565,7F2CD346-0A64-AB6A-9D73-562F8267A12D,5144,,Party,Party derived data,,,1,1,N,N,Party,Y,68582837-AD3C-8E9C-DB5E-68322CD1DE08,1080,C192224A-CDD2-5821-F49B-17F7CA23BC53,1083,5
Party has Party previous period data,DA75945B-3FE1-4CE1-31BE-32494C407F7E,565,878F27C3-1FF6-0F79-A43D-04046BEC14B6,5145,,Party,Party previous period data,,,*,1,Y,N,None,Y,68582837-AD3C-8E9C-DB5E-68322CD1DE08,1080,9BC3536B-8321-4DC1-DBFD-E8B4652D40E2,1085,5
Party has Party risk data,DA75945B-3FE1-4CE1-31BE-32494C407F7E,565,EC1FD384-BE2C-9A3C-9541-7AAE9F5B3ADC,5146,,Party,Party risk data,,,1,1,Y,N,Party,Y,68582837-AD3C-8E9C-DB5E-68322CD1DE08,1080,66149CD5-EEE9-54D5-6A86-244769D4C7F3,1086,5
Party identifier type classifies Other party identifier,DA75945B-3FE1-4CE1-31BE-32494C407F7E,565,A3B1DE3F-1DA7-71C5-72A8-AEF709510539,5147,,Party identifier type,Other party identifier,,,*,1,Y,N,None,Y,1544EC46-6132-6F20-FE9D-54E9549692B8,1084,8AD96025-FA8C-6214-F256-9D3EF1E912F7,1057,1
Payment agent is payment agent for Syndication or sub-participation member instrument via Syndication or sub-participation member instrument Payment agent assignment,DA75945B-3FE1-4CE1-31BE-32494C407F7E,565,AB6FF30C-7D4B-DB89-C671-4FC1DD222DE9,5148,,Payment agent,Syndication or sub-participation member instrument Payment agent assignment,,,*,1,Y,N,None,Y,A531F566-F8FC-8FC3-C102-357A0BE81FB6,1089,8016AB99-196E-D820-539D-B82547602772,1272,6
Payment frequency is assigned to Financial asset instrument,DA75945B-3FE1-4CE1-31BE-32494C407F7E,565,4351C24B-F14B-9361-27A9-ECA3FBCD4A56,5149,,Payment frequency,Financial asset instrument,,,*,1,Y,N,None,N,7400B259-0970-1F8C-6385-BA49D48E586F,1090,AC25CE06-349E-2EC8-DA05-FFD6B8759432,776,1
Performing exposure performing status reason classifies Performing debt security,DA75945B-3FE1-4CE1-31BE-32494C407F7E,565,FCE4C345-F6EA-9795-4E2D-1C6B5E7CD230,5150,,Performing exposure performing status reason,Performing debt security,,,*,1,Y,N,None,N,98410061-E683-C69D-C1A8-F18A3650C689,1094,69014365-8F07-330F-CAFE-DC982525210D,1093,1
Performing forborne exposure under probation reclassified from non-performing type classifies Performing financial asset instrument debtor assessed,DA75945B-3FE1-4CE1-31BE-32494C407F7E,565,E10868C1-7278-0122-7339-277F6E6FFB92,5151,,Performing forborne exposure under probation reclassified from non-performing type,Performing financial asset instrument debtor assessed,,,*,1,Y,N,None,N,25331F76-F34C-2729-9E43-88F9451CF2C4,1096,F7E0EB49-75AE-FDB7-0525-C02BBA848023,1095,1
Performing forborne exposure under probation reclassified from non-performing type classifies Performing non-default financial asset instrument individually assessed,DA75945B-3FE1-4CE1-31BE-32494C407F7E,565,9BEAA7B5-1E92-2042-CA42-53E1B708C5A5,5152,,Performing forborne exposure under probation reclassified from non-performing type,Performing non-default financial asset instrument individually assessed,,,*,1,Y,N,None,N,25331F76-F34C-2729-9E43-88F9451CF2C4,1096,C3735F02-2643-F5C7-0C1D-5C892A729D19,1097,1
Performing forborne exposure under probation reclassified from non-performing type classifies Performing non-retail exposure class financial asset instrument,DA75945B-3FE1-4CE1-31BE-32494C407F7E,565,620FF32D-1195-F22F-E461-98076190237C,5153,,Performing forborne exposure under probation reclassified from non-performing type,Performing non-retail exposure class financial asset instrument,,,*,1,Y,N,None,N,25331F76-F34C-2729-9E43-88F9451CF2C4,1096,6F5056AF-C375-5EB3-4040-02541A2B90BD,1098,1
Performing forborne exposure under probation reclassified from non-performing type is applied to Performing debt security,DA75945B-3FE1-4CE1-31BE-32494C407F7E,565,6D72709D-C8D2-D014-729C-0C70D14EB4B1,5154,,Performing forborne exposure under probation reclassified from non-performing type,Performing debt security,,,*,1,Y,N,None,N,25331F76-F34C-2729-9E43-88F9451CF2C4,1096,69014365-8F07-330F-CAFE-DC982525210D,1093,1
Performing status classifies Credit facility risk data,DA75945B-3FE1-4CE1-31BE-32494C407F7E,565,3BF8D7E6-680C-DA89-9148-B637C19180F8,5155,,Performing status,Credit facility risk data,,,*,1,Y,N,None,N,5BAA517D-3920-21AC-F0A1-78D66DC17FCC,1099,536D9BE8-895C-32C3-C6AD-50ABD7478588,667,1
Performing status classifies Financial asset instrument derived data,DA75945B-3FE1-4CE1-31BE-32494C407F7E,565,914512A6-35E2-E047-95D4-8F6222263832,5156,,Performing status,Financial asset instrument derived data,,,*,1,Y,Y,None,N,5BAA517D-3920-21AC-F0A1-78D66DC17FCC,1099,6CBCC0E7-4D57-A936-5273-6A99009949C4,778,1
Performing status classifies Off-balance sheet item given instrument,DA75945B-3FE1-4CE1-31BE-32494C407F7E,565,204A9338-B62A-36D6-6AA2-89BD871303F5,5157,,Performing status,Off-balance sheet item given instrument,,,*,1,Y,N,None,N,5BAA517D-3920-21AC-F0A1-78D66DC17FCC,1099,F7CE6C6C-5F4E-2BA8-B205-B1E9F0BB3D0E,1010,1
Performing status classifies Party risk data,DA75945B-3FE1-4CE1-31BE-32494C407F7E,565,1013CCB9-1E16-F0A6-4809-536082218982,5158,,Performing status,Party risk data,,,*,1,Y,N,None,N,5BAA517D-3920-21AC-F0A1-78D66DC17FCC,1099,66149CD5-EEE9-54D5-6A86-244769D4C7F3,1086,1
Performing status reason classifies Credit facility risk data,DA75945B-3FE1-4CE1-31BE-32494C407F7E,565,20BD7F1E-CD59-C8AC-4921-A6517386FECE,5159,,Performing status reason,Credit facility risk data,,,*,1,Y,N,None,N,917DF606-CA1F-B9C2-DD33-B6AAD5BA0C25,1100,536D9BE8-895C-32C3-C6AD-50ABD7478588,667,1
Performing status reason classifies Financial asset instrument derived data,DA75945B-3FE1-4CE1-31BE-32494C407F7E,565,F9BCB81E-A537-757B-CF85-C7D1C8DA09C7,5160,,Performing status reason,Financial asset instrument derived data,,,*,1,Y,Y,None,N,917DF606-CA1F-B9C2-DD33-B6AAD5BA0C25,1100,6CBCC0E7-4D57-A936-5273-6A99009949C4,778,1
Performing status reason classifies Off-balance sheet item given instrument,DA75945B-3FE1-4CE1-31BE-32494C407F7E,565,DB7A6EAE-2EF1-B745-68AC-1F947B68D65C,5161,,Performing status reason,Off-balance sheet item given instrument,,,*,1,Y,N,None,N,917DF606-CA1F-B9C2-DD33-B6AAD5BA0C25,1100,F7CE6C6C-5F4E-2BA8-B205-B1E9F0BB3D0E,1010,1
Performing status reason classifies Party risk data,DA75945B-3FE1-4CE1-31BE-32494C407F7E,565,6BCDC9F4-8820-092F-BF43-486585AD82B2,5162,,Performing status reason,Party risk data,,,*,1,Y,N,None,N,917DF606-CA1F-B9C2-DD33-B6AAD5BA0C25,1100,66149CD5-EEE9-54D5-6A86-244769D4C7F3,1086,1
Physical collateral is used as investment via Physical collateral Investment property assignment,DA75945B-3FE1-4CE1-31BE-32494C407F7E,565,08DDE96D-22F1-59C1-111C-912112052882,5163,,Physical collateral,Physical collateral Investment property assignment,,,*,1,Y,N,None,Y,74CBF0BA-D8C4-24EA-B0C0-163D00A99C5C,1102,F353EA9A-7D48-978C-4351-B1E314A7CE72,1103,5
"Physical collateral is used for production via Physical collateral Non-software property, plant and equipment not taken into possession assignment",DA75945B-3FE1-4CE1-31BE-32494C407F7E,565,769D0524-8C6D-4166-9533-2FB03C761BB2,5164,,Physical collateral,"Physical collateral Non-software property, plant and equipment not taken into possession assignment",,,*,1,Y,N,None,Y,74CBF0BA-D8C4-24EA-B0C0-163D00A99C5C,1102,8B1A7B3A-1967-25BB-7FF4-A7A4C928BF69,1104,5
"Physical collateral is used for production via Physical collateral Non-software property, plant and equipment taken into possession assignment",DA75945B-3FE1-4CE1-31BE-32494C407F7E,565,AD8E093E-7532-6288-6526-E184C1A72246,5165,,Physical collateral,"Physical collateral Non-software property, plant and equipment taken into possession assignment",,,*,1,Y,N,None,Y,74CBF0BA-D8C4-24EA-B0C0-163D00A99C5C,1102,B57DF068-DDD5-691E-85B5-F18970E501EF,1105,5
Primary asset classification classifies Security,DA75945B-3FE1-4CE1-31BE-32494C407F7E,565,012659C6-C49F-E1A3-872F-F5ED068AA79D,5166,,Primary asset classification,Security,,,*,1,Y,N,None,N,75E9E635-D6AD-C145-F372-E0E9AC9AABD9,1108,6B9C4C46-5617-E783-1C65-FB2BF74222E9,1190,1
Primary protection provider indicator classifies Protection Protection provider assignment,DA75945B-3FE1-4CE1-31BE-32494C407F7E,565,734AA7EC-4FC8-EC18-B03E-34E747D6F7B1,5167,,Primary protection provider indicator,Protection Protection provider assignment,,,*,1,Y,N,None,N,19A1613D-7231-A226-8E8E-58D2B489599C,1109,29FD9D07-FC8B-AC33-8FD7-0B16E2D82DF4,1122,1
Project finance loan indicator classifies Financial asset instrument,DA75945B-3FE1-4CE1-31BE-32494C407F7E,565,450DB64E-6847-5032-B2A4-E0610A3F3D8E,5168,,Project finance loan indicator,Financial asset instrument,,,*,1,Y,N,None,N,83DBDAFC-40F6-9F34-D6C5-ECB1713FEA83,1111,AC25CE06-349E-2EC8-DA05-FFD6B8759432,776,1
Protection arrangement comprises Protection item(s) via Credit risk mitigation assignment,DA75945B-3FE1-4CE1-31BE-32494C407F7E,565,A4967B88-3EF3-282F-4BED-1279453EB155,5169,,Protection arrangement,Credit risk mitigation assignment,,,*,1,Y,N,None,Y,D90C681A-3D3F-0145-98F5-FCD872705D92,1115,FBAF417B-1A11-B3D5-9C5F-16BCF562A7E2,674,5
Protection arrangement given has Instrument as protection given via Protection arrangement given Instrument assignment,DA75945B-3FE1-4CE1-31BE-32494C407F7E,565,ED2CB0AE-B023-34D5-C19A-A197C171BC2F,5170,,Protection arrangement given,Protection arrangement given Instrument assignment,,,*,1,Y,N,None,Y,235786F1-CAE1-92B8-48D9-9E06E43ECB20,1117,4D6CEB5E-44BD-AF8E-4544-6AB08EFFB8D8,1119,6
Protection arrangement given provides protection via Debt security issued (by the reporting agent) Protection arrangement given assignment,DA75945B-3FE1-4CE1-31BE-32494C407F7E,565,F0934B10-7DAD-7B19-9C12-60E31DF3BF55,5171,,Protection arrangement given,Debt security issued (by the reporting agent) Protection arrangement given assignment,,,*,1,Y,N,None,Y,235786F1-CAE1-92B8-48D9-9E06E43ECB20,1117,4168935E-4D89-CE53-1EB0-18582CF17B3C,693,6
Protection arrangement given takes for of Exchange tradable derivative via Protection arrangement given Exchange tradable derivative position assignment,DA75945B-3FE1-4CE1-31BE-32494C407F7E,565,2E26914D-2462-E818-9443-96F5A744AFB5,5172,,Protection arrangement given,Protection arrangement given Exchange tradable derivative position assignment,,,*,1,Y,N,None,Y,235786F1-CAE1-92B8-48D9-9E06E43ECB20,1117,CF1B30B0-91DC-D42E-461A-003AF35F1298,1118,6
Protection arrangement has Protection arrangement derived data,DA75945B-3FE1-4CE1-31BE-32494C407F7E,565,798F21F3-5847-B851-B9D9-0D5FA0C24EA3,5173,,Protection arrangement,Protection arrangement derived data,,,1,1,Y,N,Protection arrangement,Y,D90C681A-3D3F-0145-98F5-FCD872705D92,1115,B7F15999-7D0E-B1BE-AF82-B0345C6584FC,1116,5
Protection arrangement has Protection arrangement role,DA75945B-3FE1-4CE1-31BE-32494C407F7E,565,5398C399-CD20-536A-9BE1-A4E7FE797785,5174,,Protection arrangement,Protection arrangement role,,,*,1,Y,N,None,Y,D90C681A-3D3F-0145-98F5-FCD872705D92,1115,F73551B8-BCE2-46F3-3320-7825F6F8DF81,1121,5
Protection arrangement has Protection provider(s) via Protection Protection provider assignment,DA75945B-3FE1-4CE1-31BE-32494C407F7E,565,62EB889B-C8A6-37C4-3854-9367FFFCB59C,5175,,Protection arrangement,Protection Protection provider assignment,,,*,1,Y,N,None,Y,D90C681A-3D3F-0145-98F5-FCD872705D92,1115,29FD9D07-FC8B-AC33-8FD7-0B16E2D82DF4,1122,5
Protection arrangement received protects Instrument via Instrument Protection arrangement received assignment,DA75945B-3FE1-4CE1-31BE-32494C407F7E,565,64461156-06AA-66A6-3A48-1314EF2A6F7B,5176,,Protection arrangement received,Instrument Protection arrangement received assignment,,,*,1,Y,N,None,Y,0DE55755-69A8-375B-E4D0-2058D91A0F9D,1120,440398C3-B369-BCF2-7C8B-0A6ED64AF366,843,6
Protection arrangement received secures Exchange tradable derivative position via Exchange tradable derivative position Protection arrangement received assignment,DA75945B-3FE1-4CE1-31BE-32494C407F7E,565,4FFA0AEC-46DF-E557-430D-2EFE69901DD6,5177,,Protection arrangement received,Exchange tradable derivative position Protection arrangement received assignment,,,*,1,Y,N,None,Y,0DE55755-69A8-375B-E4D0-2058D91A0F9D,1120,6FA22E39-DFFC-6D2F-B4F5-ABC2E490B735,757,6
Protection arrangement received secures long security position via Long security position Protection arrangement given assignment,DA75945B-3FE1-4CE1-31BE-32494C407F7E,565,B7EE847B-BE0F-88AD-ED83-836DA7750F0D,5178,,Protection arrangement given,Long security position Protection arrangement given assignment,,,*,1,Y,N,None,Y,235786F1-CAE1-92B8-48D9-9E06E43ECB20,1117,799761B4-02A4-4B0E-035D-85D262004783,921,6
Protection provider provides Financial guarantee instrument(s) via Financial guarantee instrument Protection provider assignment,DA75945B-3FE1-4CE1-31BE-32494C407F7E,565,D5645899-5C49-4B8B-C992-E6CE9D9CF6EA,5179,,Protection provider,Financial guarantee instrument Protection provider assignment,,,*,1,Y,N,None,Y,EA7BBAC7-2F18-E4A4-7002-A40797F12496,1123,72797421-B3D6-65C0-E1DC-086E24B096E0,788,6
Protection provider provides protection for Protection arrangement(s) via Protection Protection provider assignment,DA75945B-3FE1-4CE1-31BE-32494C407F7E,565,B67FDB7B-DD0C-01E4-0877-0485F5A99FF3,5180,,Protection provider,Protection Protection provider assignment,,,*,1,Y,N,None,Y,EA7BBAC7-2F18-E4A4-7002-A40797F12496,1123,29FD9D07-FC8B-AC33-8FD7-0B16E2D82DF4,1122,6
Protection valuation approach classifies Immaterial rights as collateral,DA75945B-3FE1-4CE1-31BE-32494C407F7E,565,FBE4F72B-DF56-1293-6397-6963299A4AB8,5181,,Protection valuation approach,Immaterial rights as collateral,,,*,1,Y,N,None,N,FEAECD04-84D6-BE28-0AFB-55F1488722F9,1124,6EECA4B7-DEBD-853D-56C9-AC4C7DEE524F,823,1
Prudential portfolio classifies Balance sheet recognised exchange tradable derivative asset position,DA75945B-3FE1-4CE1-31BE-32494C407F7E,565,6619D0AF-E0C7-C34D-7B1F-A0CAC4F3E8A9,5182,,Prudential portfolio,Balance sheet recognised exchange tradable derivative asset position,,,*,1,Y,N,None,N,C44433DF-43F0-3978-5381-A52FD9427431,1127,CD8E5291-A87C-578E-7536-20CECA5FA9A0,604,1
Prudential portfolio is applicable portfolio in Short security position prudential portfolio assignment,DA75945B-3FE1-4CE1-31BE-32494C407F7E,565,04DD30FA-8521-CAEB-D6C6-103A7B5D03E9,5183,,Prudential portfolio,Short security position prudential portfolio assignment,,,*,1,Y,N,None,Y,C44433DF-43F0-3978-5381-A52FD9427431,1127,FF82165F-7C48-8C6A-5BF5-1CA815A3CA74,1232,1
Prudential portfolio is assigned to Balance sheet recognised financial asset instrument(s),DA75945B-3FE1-4CE1-31BE-32494C407F7E,565,03669D2B-1EA3-E4F7-EA8F-ED2F43C4C2BC,5184,,Prudential portfolio,Balance sheet recognised financial asset instrument,,,*,1,Y,N,None,N,C44433DF-43F0-3978-5381-A52FD9427431,1127,D98528DD-4340-7068-DCF4-FC4EE2F41DB4,609,1
Pulling effect type classifies Legal person(s),DA75945B-3FE1-4CE1-31BE-32494C407F7E,565,BD8220AB-BC27-1DDA-D6A4-A6FD64C959B4,5185,,Pulling effect type,Legal person,,,*,1,Y,N,None,N,74758E4B-C79F-B33D-9D77-47AD043EF18B,1128,B1F895CA-E612-3482-70D5-3578E2C60A8B,875,1
Purpose type is assigned to Financial asset instrument,DA75945B-3FE1-4CE1-31BE-32494C407F7E,565,F8302FD0-CEA5-EE6A-795C-46B20AD72558,5186,,Purpose type,Financial asset instrument,,,*,1,Y,N,None,N,63A8C5A7-E2A1-2951-5A66-CEDA48A59707,1129,AC25CE06-349E-2EC8-DA05-FFD6B8759432,776,1
Qualifying central counterparty (QCCP) is involved in Master agreement(s) with a qualifying central counterparty via Master agreement Qualifying central counterparty assignment,DA75945B-3FE1-4CE1-31BE-32494C407F7E,565,A67F2CEF-E951-8DB7-2071-FE1AF7BD9620,5187,,Qualifying central counterparty (QCCP),Master agreement Qualifying central counterparty assignment,,,*,1,Y,N,None,Y,E87FFC56-2DA3-AD5E-6A36-6B8964BD831C,1130,F7187213-FE1F-C76D-69E7-A30D3979DEB0,938,6
Rank is assigned to Debt security(ies),DA75945B-3FE1-4CE1-31BE-32494C407F7E,565,E0B9E615-748C-251D-AB4F-3CEB1FC3B309,5188,,Rank,Debt security,,,*,1,Y,N,None,N,C7EBE52A-0CF2-09C5-B252-0AD619F298C5,1131,BE76A78F-7CDB-648D-9F71-76109033434A,684,1
Rating agency has methodology to maintain current external credit rating of Covered bond via Rating agency excess methodology result Covered bond programme assignment,DA75945B-3FE1-4CE1-31BE-32494C407F7E,565,A4F0E925-24E8-EADB-2DDA-24E79E797B52,5189,,Rating agency,Rating agency excess methodology result Covered bond programme assignment,,,*,1,Y,N,None,Y,619A31E0-3703-F2FC-5946-75EE5A48E9D4,1132,FAF52176-CA9F-B678-2517-5A91D63FBC6F,1133,1
Rating agency manages Rating system(s),DA75945B-3FE1-4CE1-31BE-32494C407F7E,565,F4E1D496-F2F8-9756-7B84-DED95D53BF71,5190,,Rating agency,Rating system,,,*,1,N,N,None,Y,619A31E0-3703-F2FC-5946-75EE5A48E9D4,1132,70FB289D-B03F-3183-2133-75789F14C663,1142,1
Rating grade for issue-based rating system is applied to Debt security via Rating grade for issue-based rating system Debt security assignment,DA75945B-3FE1-4CE1-31BE-32494C407F7E,565,EB410667-FB8C-541D-C3B5-B343559D51DA,5191,,Rating grade for issue-based rating system,Rating grade for issue-based rating system Debt security assignment,,,*,1,Y,N,None,Y,94567C38-912F-9D46-C025-C7DED12C991D,1137,9D8182AE-1F22-A772-985D-FF2C85231351,1138,3
Rating grade for issuer based rating system for central government rates Country via Rating grade Country assignment,DA75945B-3FE1-4CE1-31BE-32494C407F7E,565,9A768DE9-3AA1-A560-6E82-7F2BC3C5BA9B,5192,,Rating grade for issuer based rating system for central government,Rating grade Country assignment,,,*,1,Y,N,None,Y,21CE7102-B246-2114-FE32-460B8623528C,1140,E7A44111-ABF5-F2D2-9A53-2B7DA7469520,1136,3
Rating grade for issuer based rating system for non-central government is assigned to Other organisation(s) via Rating grade Central bank and private sector company assignment,DA75945B-3FE1-4CE1-31BE-32494C407F7E,565,C6B2E5A9-072C-9654-8D26-25E257B3E687,5193,,Rating grade for issuer based rating system for non-central government,Rating grade Central bank and private sector company assignment,,,*,1,Y,N,None,Y,83752818-BDE0-516E-DCDD-E87ECF55FB6B,1141,5DE71C99-66A5-4961-0C97-745882528C1C,1135,3
Real estate collateral is measured by Protection valuation approach,DA75945B-3FE1-4CE1-31BE-32494C407F7E,565,2235FCA1-CF68-19A3-6110-116AEBC2B339,5194,,Protection valuation approach,Real estate collateral,,,*,1,Y,N,None,N,FEAECD04-84D6-BE28-0AFB-55F1488722F9,1124,CB0C6E09-D4A8-0DE1-AC7D-6CA6C8578B80,1144,1
Reference date specifies Model Context.,DA75945B-3FE1-4CE1-31BE-32494C407F7E,565,7992EEED-829C-2D38-0C8E-F11CBC40CD46,5195,,Reference date,Model Context,,,*,1,N,N,None,Y,B705FC2D-A598-2D0A-B53D-89DF710070C6,1147,23700D94-7BD4-B730-CE3A-BD73D77FEEAE,945,1
Reference rate is assigned to Non-fixed interest financial asset instrument,DA75945B-3FE1-4CE1-31BE-32494C407F7E,565,F1F90D7F-3F8C-D4F9-A9B0-1E883E6C14E9,5196,,Reference rate,Non-fixed interest financial asset instrument,,,*,1,Y,N,None,N,AB3C09FA-A074-3451-FAF2-4FAF95421BA9,1148,16D57908-E8B9-8516-87AA-062B454413AB,973,1
Region contains European Union member postal code,DA75945B-3FE1-4CE1-31BE-32494C407F7E,565,F9ABA5D1-31F6-D057-A823-8195A1120D2D,5197,,Region,European Union member postal code,,,*,1,Y,N,None,Y,E2FC71EA-36BB-8035-60D5-083C755E9211,1149,4E95C06E-6270-82A0-1DBC-C82A9C39D218,742,2
Renegotiated financial asset instrument with forbearance measure has Renegotiated financial asset instrument with forbearance measure derived data,DA75945B-3FE1-4CE1-31BE-32494C407F7E,565,1B86742D-6BA5-97B6-D891-3224F9FF53E1,5198,,Renegotiated financial asset instrument with forbearance measure,Renegotiated financial asset instrument with forbearance measure derived data,,,1,1,Y,N,Renegotiated financial asset instrument with forbearance measure,Y,8C62256E-C754-34FA-25DD-E5EA41B6F74E,1155,048D458D-00B0-1F3C-D9A5-87EAE9C831CA,1156,6
Renegotiation status classifies Credit facility risk data,DA75945B-3FE1-4CE1-31BE-32494C407F7E,565,0AD12C6E-8CD7-BFB1-1852-A71156A2757D,5199,,Renegotiation status,Credit facility risk data,,,*,1,Y,N,None,N,D04F485F-A3D0-314D-67F9-3D508FB19461,1158,536D9BE8-895C-32C3-C6AD-50ABD7478588,667,1
Repayment rights are assigned to Deposit(s),DA75945B-3FE1-4CE1-31BE-32494C407F7E,565,7D333A3E-07D3-3FC8-B946-394C52DE8508,5200,,Repayment rights,Deposit,,,*,1,Y,N,None,N,9E485154-5F2D-5099-5279-A0872943EE1E,1159,9CCB209C-1981-3086-B589-367D457CE9CD,704,1
Reporting agent specifies Model Context.,DA75945B-3FE1-4CE1-31BE-32494C407F7E,565,C15510C9-3230-1561-A86D-BAF9E69E57C2,5201,,Reporting agent,Model Context,,,*,1,N,N,None,Y,D5A7418C-EE00-3AD2-49B1-5E9248575605,1160,23700D94-7BD4-B730-CE3A-BD73D77FEEAE,945,1
Repurchase agreement instrument has Buyer via Repurchase agreement Buyer assignment,DA75945B-3FE1-4CE1-31BE-32494C407F7E,565,7D630EBF-BB78-11B2-8026-A16699FFF18D,5202,,Repurchase agreement instrument,Repurchase agreement Buyer assignment,,,1,1,Y,N,Repurchase agreement instrument,Y,0AC85C2F-F48A-96C1-01FF-641306C472B6,1166,3FA29F67-8705-59D6-1C02-D9E6836ED08D,1163,5
Repurchase agreement instrument has Repurchase agreement components,DA75945B-3FE1-4CE1-31BE-32494C407F7E,565,0AF24D8D-30D3-5418-AA96-7DB617F41B39,5203,,Repurchase agreement instrument,Repurchase agreement component,,,*,1,N,N,None,Y,0AC85C2F-F48A-96C1-01FF-641306C472B6,1166,C231ED66-3962-9C00-AE08-B830072D03A6,1165,5
Repurchase agreement instrument has Seller via Repurchase agreement Seller assignment,DA75945B-3FE1-4CE1-31BE-32494C407F7E,565,C7F20A39-90DB-AEC5-24DE-21B112B07394,5204,,Repurchase agreement instrument,Repurchase agreement Seller assignment,,,1,1,Y,N,Repurchase agreement instrument,Y,0AC85C2F-F48A-96C1-01FF-641306C472B6,1166,F16382D7-C58E-87E8-288E-555F1D528E8C,1167,5
Re-securitisation type classifies Securitisation(s),DA75945B-3FE1-4CE1-31BE-32494C407F7E,565,35896100-4762-BBE0-DD38-4BAFD3E245D8,5205,,Re-securitisation type,Securitisation,,,*,1,Y,N,None,N,DEC2FBE7-42AE-2E24-4A94-A395BC7A269D,1168,EC05B5FC-3397-964C-AAF0-C65C085847AA,1184,1
"Retail exposure according to CRR, Article 123 (b) type classifies Credit facility risk data",DA75945B-3FE1-4CE1-31BE-32494C407F7E,565,59548D5A-61E2-579F-1D88-F272AA02A16C,5206,,"Retail exposure according to CRR, Article 123 (b) type",Credit facility risk data,,,*,1,Y,N,None,N,6D457A2C-95EA-2B70-47D6-8DFDA6A47063,1171,536D9BE8-895C-32C3-C6AD-50ABD7478588,667,1
Reverse repurchase agreement loan has creditor via Reverse repurchase agreement loan Creditor assignment,DA75945B-3FE1-4CE1-31BE-32494C407F7E,565,9830C87B-7E7B-C4EF-AD4D-D6EB7127F68D,5207,,Reverse repurchase agreement loan,Reverse repurchase agreement loan Creditor assignment,,,*,1,Y,N,None,Y,2D4CE333-40D7-8F31-99CC-4A60B80729DB,1173,4E5FB108-081B-A671-FF14-861429EEA2F0,1174,5
Reverse repurchase agreement loan has Loan debtor via Reverse repurchase agreement loan Loan debtor assignment,DA75945B-3FE1-4CE1-31BE-32494C407F7E,565,4A6590A8-E9C0-66F5-0258-02586A3C7D27,5208,,Reverse repurchase agreement loan,Reverse repurchase agreement loan Loan debtor assignment,,,*,1,Y,N,None,Y,2D4CE333-40D7-8F31-99CC-4A60B80729DB,1173,5BD4128A-D2D0-0A0B-8F3B-737DFB7EE86A,1175,5
Reverse repurchase agreement loan stems from Reverse repurchase agreement cash leg,DA75945B-3FE1-4CE1-31BE-32494C407F7E,565,1735B8B6-95A9-5E7D-2AF7-4146C0212049,5209,,Reverse repurchase agreement cash leg,Reverse repurchase agreement loan,,,1,1,N,Y,Reverse repurchase agreement loan,N,3B5BB575-16F9-15C0-7C8C-FF1E5A959F60,1172,2D4CE333-40D7-8F31-99CC-4A60B80729DB,1173,5
Revocable type classifies Credit facility(s),DA75945B-3FE1-4CE1-31BE-32494C407F7E,565,F758BDCF-EDF5-38A6-24DB-10E7BECA865A,5210,,Revocable type,Credit facility,,,*,1,Y,N,None,N,C03239FD-2EC8-C428-8FAA-AAA8A28C42F9,1176,FB69AB11-CA2F-CB73-8B7F-7D06ABB9DDE3,660,1
Revocable type classifies Other commitment,DA75945B-3FE1-4CE1-31BE-32494C407F7E,565,BF26198C-2A75-FB38-F105-19B0AFCAD860,5211,,Revocable type,Other commitment,,,*,1,Y,N,None,N,C03239FD-2EC8-C428-8FAA-AAA8A28C42F9,1176,700D7AEA-9B3A-9580-C857-84608872F5AE,1030,1
Revolving loan type classifies Other loan(s),DA75945B-3FE1-4CE1-31BE-32494C407F7E,565,51B1ABCB-DACB-D899-ADCB-5CE0F7ABECFF,5212,,Revolving loan type,Other loan,,,*,1,Y,N,None,N,2FC8CBA5-16E1-7E18-A124-183BFE22DD07,1177,95FE2BF1-A996-11A5-9B86-89B3225AD688,1043,1
Revolving loan type classifies Trade receivable(s),DA75945B-3FE1-4CE1-31BE-32494C407F7E,565,54F94BE2-53BD-CFF5-5F25-A6BC601BC1B6,5213,,Revolving loan type,Trade receivable,,,*,1,Y,N,None,N,2FC8CBA5-16E1-7E18-A124-183BFE22DD07,1177,5183D638-6F8E-E4ED-2C17-CAD059CF1853,1281,1
Risk type classifies Exchange tradable derivative position,DA75945B-3FE1-4CE1-31BE-32494C407F7E,565,2A08A372-C844-6950-847F-584ABB11FC54,5214,,Risk type,Exchange tradable derivative position,,,*,1,Y,N,None,N,F50869AB-836B-6678-6121-163B93F3FC0F,1180,DB0CC98E-4E09-ADBF-024E-4EF7E3FA6604,752,1
Risk type classifies Over the counter (OTC) Derivative instrument,DA75945B-3FE1-4CE1-31BE-32494C407F7E,565,D72D602F-4B47-6255-5E5D-492C15EEF88B,5215,,Risk type,Over the counter (OTC) Derivative instrument,,,*,1,Y,N,None,N,F50869AB-836B-6678-6121-163B93F3FC0F,1180,9665198A-8A15-BE5A-E137-9B7F66788D28,1069,1
Securities financing transaction (SFT) has Securities financing transaction (SFT) derived data,DA75945B-3FE1-4CE1-31BE-32494C407F7E,565,6F190CFB-0714-7CDF-FFE4-6E10495EA48C,5216,,Securities financing transaction (SFT),Securities financing transaction (SFT) derived data,,,1,1,Y,N,None,Y,61A1258D-6C46-1DAB-6C7B-517F5BF9F5B4,1182,73B40C3C-BF9B-0BB3-5A7E-1592685C28A2,1183,5
Security against a fee borrowing and lending transaction has Security borrowing and lending transaction cash as collateral component,DA75945B-3FE1-4CE1-31BE-32494C407F7E,565,F38B88B1-5D47-F455-AC9C-8607AD7637B2,5217,,Security against a fee borrowing and lending transaction,Security borrowing and lending transaction cash as collateral component,,,1,1,Y,N,Security against a fee borrowing and lending transaction,Y,F29FF4F0-DF6B-318E-001A-589DAC54A954,1192,D1D28EE2-215B-6BEB-C084-5E41567A01A0,1197,5
Security and exchange tradable derivative is issued by Issuer via Security Issuer assignment,DA75945B-3FE1-4CE1-31BE-32494C407F7E,565,7B05DE5F-D456-6597-0307-AF70F31CA224,5218,,Security and exchange tradable derivative,Security Issuer assignment,,,1,1,N,N,Security and exchange tradable derivative,Y,3EAB1EAE-8096-61A6-EEA8-6D5701B68A0D,1194,1C4CA59D-CEFA-7753-9A33-AF14FE5B6E7B,1211,5
Security borrowing and lending transaction has Borrower via Security borrowing and lending transaction Borrower assignment,DA75945B-3FE1-4CE1-31BE-32494C407F7E,565,51638D27-DDA9-1673-57B6-26CD17AD1EC6,5219,,Security borrowing and lending transaction,Security borrowing and lending transaction Borrower assignment,,,1,1,Y,N,Security borrowing and lending transaction,Y,9AA91438-1332-6027-7F60-B5906A773131,1195,5A0F8750-74E4-9770-6E3A-7BDC553C5132,1196,5
Security borrowing and lending transaction has Lender via Security borrowing and lending transaction Lender assignment,DA75945B-3FE1-4CE1-31BE-32494C407F7E,565,6ACA6235-8945-7EC2-7332-7D02C47BD0A7,5220,,Security borrowing and lending transaction,Security borrowing and lending transaction Lender assignment,,,1,1,Y,N,Security borrowing and lending transaction,Y,9AA91438-1332-6027-7F60-B5906A773131,1195,57CED120-5863-2B99-498C-4B08261CDA41,1200,5
Security borrowing and lending transaction has Security borrowing component,DA75945B-3FE1-4CE1-31BE-32494C407F7E,565,9C1BB3FF-17A1-FA26-9F44-43C22E5CC25E,5221,,Security borrowing and lending transaction,Security borrowing component,,,1,1,Y,N,Security borrowing and lending transaction,Y,9AA91438-1332-6027-7F60-B5906A773131,1195,07F6ED8E-615B-188C-5E38-4FA8252DB409,1201,5
Security borrowing and lending transaction has Security lending component via Security/Security Collateral lending component,DA75945B-3FE1-4CE1-31BE-32494C407F7E,565,D74D61C6-E0EF-88A0-F9EF-5D88E1493840,5222,,Security borrowing and lending transaction,Security/Security Collateral lending component,,,1,1,Y,N,Security borrowing and lending transaction,Y,9AA91438-1332-6027-7F60-B5906A773131,1195,914F904D-61DB-648C-04F2-578DB8B908FA,1191,5
Security borrowing component has Security collateral via Security borrowing component Security Collateral assignment,DA75945B-3FE1-4CE1-31BE-32494C407F7E,565,8E6B1DE8-F1BD-7395-0B7C-A2E6B36CABD8,5223,,Security borrowing component,Security borrowing component Security Collateral assignment,,,*,1,Y,N,None,Y,07F6ED8E-615B-188C-5E38-4FA8252DB409,1201,8CB77035-F1B9-61DF-8B42-80800911138B,1202,5
Security collateral is measured by Protection valuation approach,DA75945B-3FE1-4CE1-31BE-32494C407F7E,565,892032F1-B983-3BB2-1AB1-9311CB5A7BA7,5224,,Protection valuation approach,Security collateral,,,*,1,Y,N,None,N,FEAECD04-84D6-BE28-0AFB-55F1488722F9,1124,9265F731-8DAF-26D5-CA84-9E6B9A2AF5B1,1203,1
Security collateral is security in Security lending component via Security collateral lending component Security collateral assignment,DA75945B-3FE1-4CE1-31BE-32494C407F7E,565,71DF0E58-4A49-3473-7B83-236677C20D03,5225,,Security collateral,Security collateral lending component Security collateral assignment,,,*,1,Y,N,None,Y,9265F731-8DAF-26D5-CA84-9E6B9A2AF5B1,1203,427F480B-B77D-038A-A0E2-F4FDB2FB5586,1205,5
Security collateral is used in Security borrowing component via Security borrowing component Security Collateral assignment,DA75945B-3FE1-4CE1-31BE-32494C407F7E,565,E2392222-F94C-0D58-3F14-2FDE3D2FC143,5226,,Security collateral,Security borrowing component Security Collateral assignment,,,*,1,Y,N,None,Y,9265F731-8DAF-26D5-CA84-9E6B9A2AF5B1,1203,8CB77035-F1B9-61DF-8B42-80800911138B,1202,5
Security collateral is used in Security collateral Security leg assignment,DA75945B-3FE1-4CE1-31BE-32494C407F7E,565,30F78899-86D9-D7F0-3E7E-3D6289FCC47C,5227,,Security collateral,Security collateral Security leg assignment,,,*,1,Y,N,None,Y,9265F731-8DAF-26D5-CA84-9E6B9A2AF5B1,1203,F49EE749-0E7F-7D36-C6BE-36A2410D27B9,1206,5
Security collateral lending component is security collateral via Security collateral lending component Security collateral assignment,DA75945B-3FE1-4CE1-31BE-32494C407F7E,565,ADFB411F-9AEF-DB90-833E-030F3B12D47A,5228,,Security collateral lending component,Security collateral lending component Security collateral assignment,,,*,1,Y,N,None,Y,37DFFB6C-0E96-6981-1AAB-4072949CE5A4,1204,427F480B-B77D-038A-A0E2-F4FDB2FB5586,1205,5
Security debtor is debtor of Debt security via Debt security Debtor assignment,DA75945B-3FE1-4CE1-31BE-32494C407F7E,565,F25B67D5-7F85-3DDC-4AC3-D84A151FD810,5229,,Security debtor,Debt security Debtor assignment,,,*,1,Y,N,None,Y,6D19CC10-7B4F-A161-85EE-C11A959246B8,1207,A8252FAF-D0C6-0C2A-BC0B-AF12F4C4B066,686,6
Security guarantee level is assigned to Debt security(ies),DA75945B-3FE1-4CE1-31BE-32494C407F7E,565,C3A69B45-FEC2-50E8-7706-9B906AFA5953,5230,,Security guarantee level,Debt security,,,*,1,Y,N,None,N,CD8D7B4F-FA74-397C-1BBE-1D2002B3CDB3,1210,BE76A78F-7CDB-648D-9F71-76109033434A,684,1
Security has Security derived data,DA75945B-3FE1-4CE1-31BE-32494C407F7E,565,651FE4D9-F3F9-B901-C6B1-74F76CF6B520,5231,,Security,Security derived data,,,1,1,N,N,Security,Y,6B9C4C46-5617-E783-1C65-FB2BF74222E9,1190,A02BF830-A5C0-4692-FF4D-EE79688737AD,1208,5
Security is involved in Security position,DA75945B-3FE1-4CE1-31BE-32494C407F7E,565,FE9A634B-6EC3-5A55-31DF-3955652BEC9D,5232,,Security,Security position,,,*,1,Y,N,None,Y,6B9C4C46-5617-E783-1C65-FB2BF74222E9,1190,04BD5AF6-0419-BD8E-C62C-2E8295D937EA,1217,5
Security is used as Security collateral,DA75945B-3FE1-4CE1-31BE-32494C407F7E,565,A962B016-AF07-1554-A4B0-3C140D1C631C,5233,,Security,Security collateral,,,*,1,Y,N,None,N,6B9C4C46-5617-E783-1C65-FB2BF74222E9,1190,9265F731-8DAF-26D5-CA84-9E6B9A2AF5B1,1203,5
Security is used in Security lending component via Security lending component Security assignment,DA75945B-3FE1-4CE1-31BE-32494C407F7E,565,FEC35732-752A-17B4-87D1-9492528FB4D2,5234,,Security,Security lending component Security assignment,,,*,1,Y,N,None,Y,6B9C4C46-5617-E783-1C65-FB2BF74222E9,1190,7B587593-6229-5E12-E432-44673A6E926A,1214,5
Security leg is used in Security collateral Security leg assignment,DA75945B-3FE1-4CE1-31BE-32494C407F7E,565,32695B26-940E-2768-D7A5-7A82A256F425,5235,,Security leg,Security collateral Security leg assignment,,,*,1,Y,N,None,Y,9867CE56-8EB8-AEAE-36BC-EC31F2DBA491,1212,F49EE749-0E7F-7D36-C6BE-36A2410D27B9,1206,6
Security lending component has Security via Security lending component Security assignment,DA75945B-3FE1-4CE1-31BE-32494C407F7E,565,4EE1D547-8A86-52A8-A594-0DE1067E0FD7,5236,,Security lending component,Security lending component Security assignment,,,*,1,Y,N,None,Y,B967B0DE-7C93-BB89-E479-F9630A5ACEC6,1213,7B587593-6229-5E12-E432-44673A6E926A,1214,5
Security level is assigned to Security(ies),DA75945B-3FE1-4CE1-31BE-32494C407F7E,565,D2B57295-9432-5F84-F326-884F7231092B,5237,,Security level,Security,,,*,1,Y,N,None,N,0E26622E-3C04-2B28-8047-5B119FE25288,1215,6B9C4C46-5617-E783-1C65-FB2BF74222E9,1190,1
Security position may have Security position derived data,DA75945B-3FE1-4CE1-31BE-32494C407F7E,565,925F3F82-E965-8B55-F668-1EF996624E56,5238,,Security position,Security position derived data,,,1,1,Y,N,None,Y,04BD5AF6-0419-BD8E-C62C-2E8295D937EA,1217,782F1742-4128-1EAD-1018-F2D991AEDCEB,1218,11
Security position specifies Fundamental review of the trading book standard approach risk measure for security positions,DA75945B-3FE1-4CE1-31BE-32494C407F7E,565,C5D4AE6A-C588-34E6-1ADC-B6734309AA45,5239,,Security position,Fundamental review of the trading book standard approach risk measure for security positions,,,*,1,Y,N,None,Y,04BD5AF6-0419-BD8E-C62C-2E8295D937EA,1217,B611941B-D683-F3ED-92C1-62E6A06BBE91,805,11
Security status according to SHS classifies Security derived data,DA75945B-3FE1-4CE1-31BE-32494C407F7E,565,91335324-B005-58FB-C8FE-7C91BEC08F4B,5240,,Security status,Security derived data,,,*,1,Y,N,None,N,0E22040E-84D0-86BF-2148-6124D16DE409,1223,A02BF830-A5C0-4692-FF4D-EE79688737AD,1208,1
Security status classifies Security(ies),DA75945B-3FE1-4CE1-31BE-32494C407F7E,565,D6732A7A-F69B-FC17-35EC-94CF04B9A3E1,5241,,Security status,Security,,,*,1,Y,N,None,N,0E22040E-84D0-86BF-2148-6124D16DE409,1223,6B9C4C46-5617-E783-1C65-FB2BF74222E9,1190,1
Seller sells Exchange tradable derivative position,DA75945B-3FE1-4CE1-31BE-32494C407F7E,565,DB6FA6B4-78D0-FC3F-C221-ABD83747DBB1,5242,,Seller,Exchange tradable derivative position,,,*,1,Y,N,None,Y,5EA2E086-7C62-B90A-F5D9-B4E684801F0E,1225,DB0CC98E-4E09-ADBF-024E-4EF7E3FA6604,752,6
Seller sells Over the counter (OTC) derivative instrument(s) via Over the counter (OTC) Derivative Seller assignment,DA75945B-3FE1-4CE1-31BE-32494C407F7E,565,42C58F86-8DD4-63B9-414F-587E81C2DB0C,5243,,Seller,Over the counter (OTC) Derivative Seller assignment,,,*,1,Y,N,None,Y,5EA2E086-7C62-B90A-F5D9-B4E684801F0E,1225,4A9F068E-F902-F6BE-AA04-016FC19D16AC,1072,6
Seller sells Repurchase agreement instrument(s) via Repurchase agreement Seller assignment,DA75945B-3FE1-4CE1-31BE-32494C407F7E,565,02A09157-2868-FF15-E4A8-BC60FF8FC810,5244,,Seller,Repurchase agreement Seller assignment,,,*,1,Y,N,None,Y,5EA2E086-7C62-B90A-F5D9-B4E684801F0E,1225,F16382D7-C58E-87E8-288E-555F1D528E8C,1167,6
Servicer is servicer of Credit facility Servicer assignment,DA75945B-3FE1-4CE1-31BE-32494C407F7E,565,581C1D59-D5B3-9BDA-A5BC-344DDBE759CC,5245,,Servicer,Credit facility Servicer assignment,,,*,1,Y,N,None,Y,7C07C1C1-BDE1-FF2F-E3B1-2F378716402B,1226,425714B4-12A1-0F8F-8263-5DA886C908EF,669,6
Servicer services Instrument(s) via Instrument Servicer assignment,DA75945B-3FE1-4CE1-31BE-32494C407F7E,565,B326B1CD-5CDD-B994-FAFA-7C062D85D1A8,5246,,Servicer,Instrument Servicer assignment,,,*,1,Y,N,None,Y,7C07C1C1-BDE1-FF2F-E3B1-2F378716402B,1226,EEC1B302-494D-4D13-FBC8-ED4D4CF46395,847,6
Ship collateral is measured by Protection valuation approach,DA75945B-3FE1-4CE1-31BE-32494C407F7E,565,E3C08E97-C5DA-D30B-27D8-D1235589C248,5247,,Protection valuation approach,Ship collateral,,,*,1,Y,N,None,N,FEAECD04-84D6-BE28-0AFB-55F1488722F9,1124,678799FC-1E4F-15A7-406E-9AD82266BED5,1228,1
Short position accounting classification classifies Short trading book security position derived data,DA75945B-3FE1-4CE1-31BE-32494C407F7E,565,B23DA098-CECB-4BBA-8682-12C1415039ED,5248,,Short position accounting classification,Short trading book security position derived data,,,*,1,Y,N,None,N,7F03201F-6777-7976-825B-5E9E22F74A9F,1230,B35FE2AD-7E8A-1370-14DD-1644B0F7D508,1235,1
Short security position has position in prudential portfolio via Short security position prudential portfolio assignment,DA75945B-3FE1-4CE1-31BE-32494C407F7E,565,87BA9134-0696-73BB-D9BF-6E9787ABC101,5249,,Short security position,Short security position prudential portfolio assignment,,,*,1,Y,N,None,Y,48CBAABC-6FF9-AF5D-78F3-AA15DAFFEF70,1231,FF82165F-7C48-8C6A-5BF5-1CA815A3CA74,1232,11
Short term credit assessment type classifies Rating system(s),DA75945B-3FE1-4CE1-31BE-32494C407F7E,565,46D1895B-6544-7630-04B8-BB7C32F9184B,5250,,Short term credit assessment type,Rating system,,,*,1,Y,N,None,N,977ACE53-5669-1EBF-7DD2-BF01A290BF65,1233,70FB289D-B03F-3183-2133-75789F14C663,1142,1
Short trading book security position has derived data in Short trading book security position derived data,DA75945B-3FE1-4CE1-31BE-32494C407F7E,565,1D5C1B84-9A75-7389-2A6A-31AE8132A246,5251,,Short trading book security position,Short trading book security position derived data,,,*,1,Y,N,None,Y,C251156F-E46E-E85B-074E-C9DC350547AB,1234,B35FE2AD-7E8A-1370-14DD-1644B0F7D508,1235,12
Significant asset class classifies Exchange tradable derivative(s),DA75945B-3FE1-4CE1-31BE-32494C407F7E,565,03AB0810-703F-9311-A46A-A9942BE7C785,5252,,Significant asset class,Exchange tradable derivative,,,*,1,Y,N,None,N,4902CD26-9B71-8553-6E3C-6B1736A2583F,1238,A6C92F7E-77E2-595C-9979-8277C560E2E9,743,1
Significant asset class classifies Over the counter (OTC) Derivative instrument,DA75945B-3FE1-4CE1-31BE-32494C407F7E,565,3D887C7E-6DD7-CE7B-3BC2-3096679AC1F4,5253,,Significant asset class,Over the counter (OTC) Derivative instrument,,,*,1,Y,N,None,N,4902CD26-9B71-8553-6E3C-6B1736A2583F,1238,9665198A-8A15-BE5A-E137-9B7F66788D28,1069,1
Significant risk transfer securitisation may have Significant risk transfer securitisation derived data,DA75945B-3FE1-4CE1-31BE-32494C407F7E,565,CAE5FF30-B09C-8C47-4223-38D53DC76EAB,5254,,Significant risk transfer securitisation,Significant risk transfer securitisation derived data,,,1,1,Y,N,Significant risk transfer securitisation,Y,9F3875A1-8D55-CBC7-CAB4-50C8B2E67036,1240,4CE9BF0F-24BA-A0A3-CF56-08DF62FEC42B,1241,5
Significant risk transfer type classifies Securitisation(s),DA75945B-3FE1-4CE1-31BE-32494C407F7E,565,1D1F7937-50AA-B49E-4C3A-5E6ED9D15583,5255,,Significant risk transfer type,Securitisation,,,*,1,Y,N,None,N,745AFC15-3E53-4F53-EE12-F2EF47B1BB11,1242,EC05B5FC-3397-964C-AAF0-C65C085847AA,1184,1
"Simple, transparent and standardised (STS) securitisation type classifies Securitisation(s)",DA75945B-3FE1-4CE1-31BE-32494C407F7E,565,F46E3A97-03AA-0D23-37DE-59545EE87755,5256,,"Simple, transparent and standardised (STS) securitisation type",Securitisation,,,*,1,Y,N,None,N,9B31F51C-9862-0912-3086-78D4BE6742AC,1243,EC05B5FC-3397-964C-AAF0-C65C085847AA,1184,1
Software assets indicator specifies Other intangible asset not taken into possession,DA75945B-3FE1-4CE1-31BE-32494C407F7E,565,DF935962-2C5E-DD06-D16B-B5245AECF15A,5257,,Software assets indicator,Other intangible asset not taken into possession,,,*,1,Y,N,None,Y,EAA72D74-0655-89EF-627F-0963DC3C9309,1247,4FAC9585-753F-4763-1F90-D3654BB56874,1041,1
Software assets indicator specifies Other intangible asset taken into possession,DA75945B-3FE1-4CE1-31BE-32494C407F7E,565,3D6D2763-FB87-E25B-3075-D2020613537C,5258,,Software assets indicator,Other intangible asset taken into possession,,,*,1,Y,N,None,Y,EAA72D74-0655-89EF-627F-0963DC3C9309,1247,805D616B-5BB7-EE55-F9D7-3F0C202B2069,1042,1
"Software collateral is used for production via Software collateral Software property, plant and equipment taken into possession assignment",DA75945B-3FE1-4CE1-31BE-32494C407F7E,565,AE6273BE-0D23-53BC-C99F-2E7261C05563,5259,,Software collateral,"Software collateral Software property, plant and equipment taken into possession assignment",,,*,1,Y,N,None,Y,98DEE4C3-79FE-26F7-B6E7-0CAB44DE5C12,1248,5EFD7518-E8EB-A1CB-959C-EEA4D888A8AB,1250,5
"Software is used for production via Software collateral Software property, plant and equipment not taken into possession assignment",DA75945B-3FE1-4CE1-31BE-32494C407F7E,565,8162A560-F026-566E-4567-57D7A5C2170A,5260,,Software collateral,"Software collateral Software property, plant and equipment not taken into possession assignment",,,*,1,Y,N,None,Y,98DEE4C3-79FE-26F7-B6E7-0CAB44DE5C12,1248,E9219D25-C5D6-5E9C-68E1-A577B8E1BE9B,1249,5
"Software property, plant and equipment not taken into possession consists of Software collateral via Software collateral Software property, plant and equipment not taken into possession assignment",DA75945B-3FE1-4CE1-31BE-32494C407F7E,565,A490D29D-0184-3290-7209-ADBD9DDD22A2,5261,,"Software property, plant and equipment not taken into possession","Software collateral Software property, plant and equipment not taken into possession assignment",,,*,1,Y,N,None,Y,B429AF40-2365-75DE-454C-37A6574F7CC6,1251,E9219D25-C5D6-5E9C-68E1-A577B8E1BE9B,1249,8
"Software property, plant and equipment taken into possession aggregates software collateral via Software collateral Software property, plant and equipment taken into possession assignment",DA75945B-3FE1-4CE1-31BE-32494C407F7E,565,2732CD39-DFCC-733E-E91E-DF6D27DA9B3D,5262,,"Software property, plant and equipment taken into possession","Software collateral Software property, plant and equipment taken into possession assignment",,,*,1,Y,N,None,Y,B09C4B69-F2C7-0BB8-F83E-47A35E019795,1252,5EFD7518-E8EB-A1CB-959C-EEA4D888A8AB,1250,10
Source of encumbrance specifies Long debt security position encumbrance derived data,DA75945B-3FE1-4CE1-31BE-32494C407F7E,565,BADF739A-F73E-3D99-82D4-90D9BA9CFC3A,5263,,Source of encumbrance,Long debt security position encumbrance derived data,,,*,1,Y,N,None,Y,D20E2464-37AB-7F09-7C11-762082F66EE0,1253,07FDEF6C-D9F8-A28F-E587-8181B8913996,901,1
Source of encumbrance specifies Long equity or fund security position encumbrance data,DA75945B-3FE1-4CE1-31BE-32494C407F7E,565,B327B3D1-D30B-04EF-1973-867D95C7EB96,5264,,Source of encumbrance,Long equity or fund security position encumbrance data,,,*,1,Y,N,None,Y,D20E2464-37AB-7F09-7C11-762082F66EE0,1253,15F6114C-6309-195F-E89D-7C385E9004F0,907,1
Statistical Classification of Economic Activities in the European Community (NACE) classifies Party(ies),DA75945B-3FE1-4CE1-31BE-32494C407F7E,565,EA47659F-CBF3-F381-4CF5-8FAEF864957B,5265,,Statistical Classification of Economic Activities in the European Community (NACE),Party,,,*,1,Y,N,None,N,597D6E32-A717-6C84-2295-58CF27F551E6,1256,68582837-AD3C-8E9C-DB5E-68322CD1DE08,1080,1
Structured note type classifies Security(ies),DA75945B-3FE1-4CE1-31BE-32494C407F7E,565,BB48EEE3-A429-53AB-4197-E9E6B9BBF6A6,5266,,Structured note type,Security,,,*,1,Y,N,None,N,D0136C06-9303-686C-3F38-125306F2E33C,1257,6B9C4C46-5617-E783-1C65-FB2BF74222E9,1190,1
Subject to impairment indicator is applied to Financial asset instrument,DA75945B-3FE1-4CE1-31BE-32494C407F7E,565,050CB951-406D-E049-A83B-193AC92FC4CF,5267,,Subject to impairment indicator,Financial asset instrument,,,*,1,Y,N,None,N,24C70B31-006D-69BE-CCB7-9FA5F1B4D5D4,1258,AC25CE06-349E-2EC8-DA05-FFD6B8759432,776,1
Subject to impairment indicator is applied to Long security position Prudential Portfolio assignment Accounting classification for financial assets assignment,DA75945B-3FE1-4CE1-31BE-32494C407F7E,565,10EBC8D1-BF0C-C696-65FA-11645E9FD417,5268,,Subject to impairment indicator,Long security position Prudential Portfolio assignment Accounting classification for financial assets assignment,,,*,1,Y,N,None,N,24C70B31-006D-69BE-CCB7-9FA5F1B4D5D4,1258,17E1B4A1-D286-0C7B-412E-060CBFE6C8A5,923,1
Subject to operating lease type specifies Investment property,DA75945B-3FE1-4CE1-31BE-32494C407F7E,565,FC667D59-96E4-69D1-B9A2-CFEF559EFAFB,5269,,Subject to operating lease type,Investment property,,,*,1,Y,N,None,Y,C2872992-AFFE-F496-E488-8CD577868144,1259,02E00201-0ACA-69C6-F56F-3B2C690AFC81,859,1
Subject to operating lease type specifies Other intangible asset not taken into possession,DA75945B-3FE1-4CE1-31BE-32494C407F7E,565,67EB24AD-DBF8-E052-A34C-EE57D168931B,5270,,Subject to operating lease type,Other intangible asset not taken into possession,,,*,1,Y,N,None,Y,C2872992-AFFE-F496-E488-8CD577868144,1259,4FAC9585-753F-4763-1F90-D3654BB56874,1041,1
Subject to operating lease type specifies Other intangible asset taken into possession,DA75945B-3FE1-4CE1-31BE-32494C407F7E,565,3D16D77E-1986-CEFA-9C61-82A5DCA70A68,5271,,Subject to operating lease type,Other intangible asset taken into possession,,,*,1,Y,N,None,Y,C2872992-AFFE-F496-E488-8CD577868144,1259,805D616B-5BB7-EE55-F9D7-3F0C202B2069,1042,1
"Subject to operating lease type specifies Property, plant and equipment not taken into possession",DA75945B-3FE1-4CE1-31BE-32494C407F7E,565,04BBE82D-32FF-1A7F-5382-818AB923CF53,5272,,Subject to operating lease type,"Property, plant and equipment not taken into possession",,,*,1,Y,N,None,Y,C2872992-AFFE-F496-E488-8CD577868144,1259,D686F9F6-0CDE-CEE3-9F51-1A55CA17B97A,1113,1
"Subject to operating lease type specifies Property, plant and equipment taken into possession",DA75945B-3FE1-4CE1-31BE-32494C407F7E,565,A08EA016-A28A-1DA3-F2B2-EADD7BE06415,5273,,Subject to operating lease type,"Property, plant and equipment taken into possession",,,*,1,Y,N,None,Y,C2872992-AFFE-F496-E488-8CD577868144,1259,10A66D43-AE97-1283-BB36-783CFA5BC04C,1114,1
Subordinated debt indicator classifies Debt security,DA75945B-3FE1-4CE1-31BE-32494C407F7E,565,6516F85B-5E3A-ABCE-72D2-E97696ABA483,5274,,Subordinated debt indicator,Debt security,,,*,1,Y,N,None,N,95774261-695F-BBCC-B48D-FA19567080D6,1260,BE76A78F-7CDB-648D-9F71-76109033434A,684,1
Subordinated debt indicator classifies Financial asset instrument,DA75945B-3FE1-4CE1-31BE-32494C407F7E,565,D22D98E8-F1CE-8EFD-F108-66E8029835CD,5275,,Subordinated debt indicator,Financial asset instrument,,,*,1,Y,N,None,N,95774261-695F-BBCC-B48D-FA19567080D6,1260,AC25CE06-349E-2EC8-DA05-FFD6B8759432,776,1
Subordinated debt indicator classifies Financial liability instrument,DA75945B-3FE1-4CE1-31BE-32494C407F7E,565,058968D4-35FF-4BEB-6E6C-C47D75A043CC,5276,,Subordinated debt indicator,Financial liability instrument,,,*,1,Y,N,None,N,95774261-695F-BBCC-B48D-FA19567080D6,1260,B0811BE3-D363-51F6-D109-9A7C6F7D56DE,792,1
"Subsidiary, joint venture and associate comprises Associate(s) via Subsidiary, joint venture and associate Associate assignment",DA75945B-3FE1-4CE1-31BE-32494C407F7E,565,72846AE0-4203-4D48-8622-E0DEE0E5C25C,5277,,"Subsidiary, joint venture and associate","Subsidiary, joint venture and associate Associate assignment",,,*,1,Y,N,None,Y,074C10B7-DC84-861E-6F29-AD5B890A5FDC,1261,E388C5AF-A657-668E-739A-78827095B5C6,1262,5
"Subsidiary, joint venture and associate comprises Joint venture(s) via Subsidiary, joint venture and associate Joint venture assignment",DA75945B-3FE1-4CE1-31BE-32494C407F7E,565,DA0090DB-965C-C1E2-54C2-B6031386353D,5278,,"Subsidiary, joint venture and associate","Subsidiary, joint venture and associate Joint venture assignment",,,*,1,Y,N,None,Y,074C10B7-DC84-861E-6F29-AD5B890A5FDC,1261,BA6D2D1D-432C-14EB-5EEA-919ACBD4EAC9,1263,5
"Subsidiary, joint venture and associate comprises Subsidiary via Subsidiary, joint venture and associate Subsidiary assignment",DA75945B-3FE1-4CE1-31BE-32494C407F7E,565,AE335D2E-446E-AC75-4D17-52717320E967,5279,,"Subsidiary, joint venture and associate","Subsidiary, joint venture and associate Subsidiary assignment",,,*,1,Y,N,None,Y,074C10B7-DC84-861E-6F29-AD5B890A5FDC,1261,D2C7B058-F8C2-369B-AA57-351682BB3DA3,1265,5
"Subsidiary (of the reporting agent) is part of Subsidiary, joint venture and associate via Subsidiary, joint venture and associate Subsidiary assignment",DA75945B-3FE1-4CE1-31BE-32494C407F7E,565,72432D4F-F9C1-12A3-B4E2-A6415A90E963,5280,,Subsidiary (of the reporting agent),"Subsidiary, joint venture and associate Subsidiary assignment",,,1,1,Y,N,Subsidiary (of the reporting agent),Y,3662F410-8493-5302-7015-793D031981AD,1266,D2C7B058-F8C2-369B-AA57-351682BB3DA3,1265,6
Syndicated contract contains Syndicated financial contract member(s),DA75945B-3FE1-4CE1-31BE-32494C407F7E,565,4108A33F-F163-231E-B13B-002130A17F9B,5281,,Syndicated contract,Syndicated financial contract member,,,*,1,Y,N,None,N,67F67629-DEAB-6530-D906-4E5A5BCD18EE,1269,433144ED-ECC7-F44F-21AC-90A4454E3543,1270,1
Syndication or sub-participation member instrument has payment agent via Syndication or sub-participation member instrument Payment agent assignment,DA75945B-3FE1-4CE1-31BE-32494C407F7E,565,EEA9349D-E922-85AA-DAA7-A96D1411DB82,5282,,Syndication or sub-participation member instrument,Syndication or sub-participation member instrument Payment agent assignment,,,*,1,Y,N,None,Y,EA305BC2-1078-CA1E-2C19-47E9008DDE26,1271,8016AB99-196E-D820-539D-B82547602772,1272,5
Synthetic securitisation comprises Exchange tradable derivative liability position Synthetic securitisation assignment,DA75945B-3FE1-4CE1-31BE-32494C407F7E,565,AC22D88F-67E7-F816-5BFD-B88128AF2260,5283,,Synthetic securitisation,Exchange tradable derivative liability position Synthetic securitisation assignment,,,*,1,Y,N,None,Y,6F6AF604-488B-E625-A891-E2C2BF2AE925,1273,C89D083A-8940-4234-8E2C-3D6C4BA4C14C,751,5
Synthetic securitisation comprises Tranche in a synthetic securitisation without securitisation special purpose entity (SSPE) being a financial guarantee via Over the counter (OTC) Derivative instrument Synthetic securitisation assignment,DA75945B-3FE1-4CE1-31BE-32494C407F7E,565,F51A87BA-8764-5671-E56E-D67FB0F8F6EE,5284,,Synthetic securitisation,Over the counter (OTC) Derivative instrument Synthetic securitisation assignment,,,*,1,Y,N,None,Y,6F6AF604-488B-E625-A891-E2C2BF2AE925,1273,A2E89941-923C-5ECC-0300-D9EA03F91C87,1071,5
Synthetic securitisation without involvement of an SSPE comprises Tranche in a synthetic securitisation without securitisation special purpose entity (SSPE) being a deposit,DA75945B-3FE1-4CE1-31BE-32494C407F7E,565,83FD2842-82E2-69EE-BDF1-70B65CD27EE2,5285,,Synthetic securitisation without involvement of an SSPE,Tranche in a synthetic securitisation without securitisation special purpose entity (SSPE) being a deposit,,,*,1,Y,N,None,Y,69F073B3-E281-91DE-AB3F-03CE229C5A06,1275,3816F7B6-FE7A-DDAD-3E37-FFD4314F896E,1288,5
Synthetic securitisation without involvement of an SSPE comprises Tranche in a synthetic securitisation without securitisation special purpose entity (SSPE) being a financial guarantee,DA75945B-3FE1-4CE1-31BE-32494C407F7E,565,E0092DDD-75E5-3392-675E-D38DFEE03BA5,5286,,Synthetic securitisation without involvement of an SSPE,Tranche in a synthetic securitisation without securitisation special purpose entity (SSPE) being a financial guarantee,,,*,1,Y,N,None,Y,69F073B3-E281-91DE-AB3F-03CE229C5A06,1275,35F14063-6EB3-9BD1-02A6-C0C77139B8DE,1289,5
Time elapsed since initial recognition band classifies Other intangible asset not taken into possession,DA75945B-3FE1-4CE1-31BE-32494C407F7E,565,57D03CD8-D53D-173E-7F01-1D8B97DD3CA3,5287,,Time elapsed since initial recognition band,Other intangible asset not taken into possession,,,*,1,Y,N,None,N,DD59ED4E-238E-DE0F-5022-FC3237A6CC85,1279,4FAC9585-753F-4763-1F90-D3654BB56874,1041,1
Time elapsed since initial recognition band classifies Other intangible asset taken into possession,DA75945B-3FE1-4CE1-31BE-32494C407F7E,565,5CAA2D95-E2CA-D23E-3A7F-ABE317EFFBFF,5288,,Time elapsed since initial recognition band,Other intangible asset taken into possession,,,*,1,Y,N,None,Y,DD59ED4E-238E-DE0F-5022-FC3237A6CC85,1279,805D616B-5BB7-EE55-F9D7-3F0C202B2069,1042,1
"Time elapsed since initial recognition band classifies Property, plant and equipment taken into possession",DA75945B-3FE1-4CE1-31BE-32494C407F7E,565,84188600-573E-8988-234C-309A4039EEE3,5289,,Time elapsed since initial recognition band,"Property, plant and equipment taken into possession",,,*,1,Y,N,None,Y,DD59ED4E-238E-DE0F-5022-FC3237A6CC85,1279,10A66D43-AE97-1283-BB36-783CFA5BC04C,1114,1
Time elapsed since initial recognition band is applied to Collateral obtained by taking possession derived data,DA75945B-3FE1-4CE1-31BE-32494C407F7E,565,F0AD6811-E40C-DC55-4B25-616538B1F4CA,5290,,Time elapsed since initial recognition band,Collateral obtained by taking possession derived data,,,*,1,Y,N,None,N,DD59ED4E-238E-DE0F-5022-FC3237A6CC85,1279,3569BB8E-5D43-6526-6423-BEB32DF1DF4A,639,1
Time elapsed since initial recognition band is applied to Collateral received instrument obtained by taking possession derived data,DA75945B-3FE1-4CE1-31BE-32494C407F7E,565,77D9C102-300A-A59A-F305-7ECFFA9D8730,5291,,Time elapsed since initial recognition band,Collateral received instrument obtained by taking possession derived data,,,*,1,Y,N,None,N,DD59ED4E-238E-DE0F-5022-FC3237A6CC85,1279,7948F8F0-FB50-4C0D-2B08-191CFA43BB8A,644,1
Time past due band classifies Credit facility risk data derived data,DA75945B-3FE1-4CE1-31BE-32494C407F7E,565,7B15784E-05FC-E116-97AF-F3EC4A24DFF6,5292,,Time past due band,Credit facility risk data derived data,,,*,1,Y,N,None,N,EE235EA2-AF82-437F-2F3A-49B96C151431,1280,ACF614FC-DE11-E7C1-0954-03D14F3003EB,668,1
Time past due band classifies Debt security derived data,DA75945B-3FE1-4CE1-31BE-32494C407F7E,565,A2727B19-D412-D6A5-FB73-49747B6003B9,5293,,Time past due band,Debt security derived data,,,*,1,Y,N,None,N,EE235EA2-AF82-437F-2F3A-49B96C151431,1280,36A62AF3-D353-AE65-7F5D-0B209D20E7F7,687,1
Time past due band classifies Financial asset instrument derived data,DA75945B-3FE1-4CE1-31BE-32494C407F7E,565,522FF4D7-3524-1671-6D88-D8A952078B31,5294,,Time past due band,Financial asset instrument derived data,,,*,1,Y,Y,None,N,EE235EA2-AF82-437F-2F3A-49B96C151431,1280,6CBCC0E7-4D57-A936-5273-6A99009949C4,778,1
 to Model Context specifies Other intangible asset not taken into possession,DA75945B-3FE1-4CE1-31BE-32494C407F7E,565,B3220C85-A8BD-E14B-76C8-381131C53BCF,5295,,Model Context,Other intangible asset not taken into possession,,,*,1,Y,N,None,Y,23700D94-7BD4-B730-CE3A-BD73D77FEEAE,945,4FAC9585-753F-4763-1F90-D3654BB56874,1041,4
Trade receivable has Assigned debtor via Trade receivable Assigned debtor assignment,DA75945B-3FE1-4CE1-31BE-32494C407F7E,565,BDF6B0B0-9643-78A3-7765-68ED3006E43F,5296,,Trade receivable,Trade receivable Assigned debtor assignment,,,1,1,Y,N,Trade receivable,Y,5183D638-6F8E-E4ED-2C17-CAD059CF1853,1281,0C7AB2CF-78C2-2FC0-DAA0-46CFC7856618,1282,5
Trade receivable has Factor via Trade receivable Factor assignment,DA75945B-3FE1-4CE1-31BE-32494C407F7E,565,C23BB9F8-1AC0-8EEF-949F-696310B8F5CA,5297,,Trade receivable,Trade receivable Factor assignment,,,1,1,Y,N,Trade receivable,Y,5183D638-6F8E-E4ED-2C17-CAD059CF1853,1281,20E8D039-861C-CE2E-A9AF-EC81951BC568,1284,5
Traditional securitisation comprises Debt security issued (by the reporting agent) Traditional securitisation assignment,DA75945B-3FE1-4CE1-31BE-32494C407F7E,565,0C62A4E9-99EE-D169-3C98-1AF9BE826092,5298,,Traditional securitisation,Debt security issued (by the reporting agent) Traditional securitisation assignment,,,*,1,Y,N,None,Y,FA2C1C55-9919-EFA4-4644-24E333EEF6B4,1285,8F67F20B-41BF-6D1D-9D6F-D70B8FCC1937,694,5
Traditional securitisation comprises Discount or excess spread,DA75945B-3FE1-4CE1-31BE-32494C407F7E,565,E1A2C77C-A385-B250-1915-97C385D2195E,5299,,Traditional securitisation,Discount or excess spread,,,1,1,Y,N,Traditional securitisation,Y,FA2C1C55-9919-EFA4-4644-24E333EEF6B4,1285,FBB257EF-D39D-43F5-B976-A9F94B380F70,712,5
Traditional securitisation involves Tranche in a Traditional securitisation,DA75945B-3FE1-4CE1-31BE-32494C407F7E,565,242993BD-188F-3131-E006-1DC2F52BF475,5300,,Traditional securitisation,Tranche in a Traditional securitisation,,,*,1,N,N,None,Y,FA2C1C55-9919-EFA4-4644-24E333EEF6B4,1285,F113ACC3-8DA5-8E54-6DD7-91545BD2BAF3,1291,5
Transferable deposit has Transferable deposit derived data,DA75945B-3FE1-4CE1-31BE-32494C407F7E,565,8150D9DE-64FA-9F25-E5D2-88D901FF05EB,5301,,Transferable deposit,Transferable deposit derived data,,,1,1,Y,N,Transferable deposit,N,3CAC2835-E299-0C5E-CA7F-F19B4B08CE6D,1292,D012FB62-32D5-8630-BBBB-709A3AA803FF,1293,5
Transfer between impairment stages is applied to Balance sheet recognised financial asset instrument derived data,DA75945B-3FE1-4CE1-31BE-32494C407F7E,565,2226B065-1E4A-67C0-D91F-717238FED410,5302,,Transfer between impairment stages,Balance sheet recognised financial asset instrument derived data,,,*,1,Y,Y,None,N,B2735F89-31EA-99CF-81A6-93D3886B74D7,1294,7843E56A-D970-2EDE-467A-EBF530A20DE5,612,1
Transfer between impairment stages is applied to Long security position Prudential Portfolio assignment Accounting classification for financial assets assignment derived data(s),DA75945B-3FE1-4CE1-31BE-32494C407F7E,565,84A367D8-0BE8-57BD-DAB5-D14BE104970F,5303,,Transfer between impairment stages,Long security position Prudential Portfolio assignment Accounting classification for financial assets assignment derived data,,,*,1,Y,Y,None,N,B2735F89-31EA-99CF-81A6-93D3886B74D7,1294,9CEA1E08-F628-512F-3E1B-DD6B6B517EB1,924,1
Transfer between impairment stages is applied to Off-balance sheet item given instrument derived data,DA75945B-3FE1-4CE1-31BE-32494C407F7E,565,B55A7164-1303-4D57-5902-20ACBB1A47AC,5304,,Transfer between impairment stages,Off-balance sheet item given instrument derived data,,,*,1,Y,Y,None,N,B2735F89-31EA-99CF-81A6-93D3886B74D7,1294,41AF9BCF-3A30-E769-02F3-A0FD1ACDC86E,1011,1
Treatment of securitised / transfered assets in balance sheet classifies Transferred asset leg,DA75945B-3FE1-4CE1-31BE-32494C407F7E,565,1C03CA5F-719C-4218-9FD1-22F217384032,5305,,Treatment of securitised / transfered assets in balance sheet,Transferred asset leg,,,*,1,Y,N,None,N,5EEE5F19-6BD1-DC0E-D355-7D881A38792F,1298,AB6E35AF-5B1C-2B5C-6245-91DA613FD2F9,1295,1
Treatment of securitised / transfered assets in balance sheet is applied to Asset pool (subject to a Securitisation and other credit transfer),DA75945B-3FE1-4CE1-31BE-32494C407F7E,565,FB384209-CD31-B1ED-41F1-34E8F59068FA,5306,,Treatment of securitised / transfered assets in balance sheet,Asset pool (subject to a Securitisation and other credit transfer),,,*,1,Y,N,None,N,5EEE5F19-6BD1-DC0E-D355-7D881A38792F,1298,CF3123E9-C3A5-7650-8DD2-DBE9CABA5872,591,1
Type of hedge classifies Debt security issued (by the reporting agent) as a hedge,DA75945B-3FE1-4CE1-31BE-32494C407F7E,565,1D0E5D65-7FD4-E701-B02C-9FB9B686774C,5307,,Type of hedge,Debt security issued (by the reporting agent) as a hedge,,,*,1,Y,N,None,N,20695BED-A999-5926-39A6-52E10BCBC16D,1299,FAEB9B83-BE89-F719-6667-BF2DE4448BFE,691,1
Type of hedge classifies Equity instrument that is not a security as a hedge,DA75945B-3FE1-4CE1-31BE-32494C407F7E,565,05EF8246-C73D-4BC6-7588-7462FC4C3FD9,5308,,Type of hedge,Equity instrument that is not a security as a hedge,,,*,1,Y,N,None,N,20695BED-A999-5926-39A6-52E10BCBC16D,1299,30FE22A5-7D6D-B178-7F24-11F6D029B691,730,1
Type of hedge classifies Exchange tradable derivative position as a hedge,DA75945B-3FE1-4CE1-31BE-32494C407F7E,565,FFE6C707-1CB8-416B-CE51-49C02A4C3604,5309,,Type of hedge,Exchange tradable derivative position as a hedge,,,*,1,Y,N,None,N,20695BED-A999-5926-39A6-52E10BCBC16D,1299,6EEE9DB7-67AC-D2CA-13A9-4ED84E7604F3,753,1
Type of hedge classifies Loan (excluding repurchase agreement) and advance as a hedge,DA75945B-3FE1-4CE1-31BE-32494C407F7E,565,462092EB-AD6B-154B-CC2F-C64EA23947DF,5310,,Type of hedge,Loan (excluding repurchase agreement) and advance as a hedge,,,*,1,Y,N,None,N,20695BED-A999-5926-39A6-52E10BCBC16D,1299,D249222E-C88E-947C-2B2E-F8F931CFDCCB,889,1
Type of hedge classifies Long security position as a hedge,DA75945B-3FE1-4CE1-31BE-32494C407F7E,565,9839B957-739A-F77F-3D0D-ADEDB806D521,5311,,Type of hedge,Long security position as a hedge,,,*,1,Y,N,None,N,20695BED-A999-5926-39A6-52E10BCBC16D,1299,204CCBD3-D9AD-0EC9-ED88-7E6A00BA0415,918,1
Type of hedge classifies Over the counter (OTC) Derivative as a hedge,DA75945B-3FE1-4CE1-31BE-32494C407F7E,565,98C79F7E-2080-FBDE-0B74-1FBFF9160EDB,5312,,Type of hedge,Over the counter (OTC) Derivative as a hedge,,,*,1,Y,N,None,N,20695BED-A999-5926-39A6-52E10BCBC16D,1299,EE7AABF7-53FD-1A4B-D940-7E228C87F604,1065,1
Type of interest rate classifies Financial asset instrument,DA75945B-3FE1-4CE1-31BE-32494C407F7E,565,411D1435-F095-AD5E-B190-A3C3CB26CB58,5313,,Type of interest rate,Financial asset instrument,,,*,1,Y,N,None,N,852E6539-35E1-F08E-D9B0-CD8539CAC21E,1300,AC25CE06-349E-2EC8-DA05-FFD6B8759432,776,1
Under construction or developement indicator classifies Real estate collateral,DA75945B-3FE1-4CE1-31BE-32494C407F7E,565,56DBE759-5C45-57E9-6707-2CF8BFDE3274,5314,,Under construction or developement indicator,Real estate collateral,,,*,1,Y,N,None,N,46F25976-E134-25E5-5399-16B95A92C0EB,1301,CB0C6E09-D4A8-0DE1-AC7D-6CA6C8578B80,1144,1
